customer_id,user_name,password,email,jwt_token
1003,user_1003_9d6a02,bx0pxWXo6w4Ru621,user_1003_9d6a02@example.com,eyJhbGciOiJIUzI1NiIsInR5cCI6IkpXVCJ9.eyJzdWIiOiIxMDAzIiwiaWF0IjoxNzYxMTMxNzUwLCJleHAiOjE3NjM3MjM3NTB9.bwNAFraVcMtoVbv9_jwq-r2ueCGa_MB79sXzbtHftIs
1004,user_1004_a48db4,hjiwRbVKVh9aJH3k,user_1004_a48db4@example.com,eyJhbGciOiJIUzI1NiIsInR5cCI6IkpXVCJ9.eyJzdWIiOiIxMDA0IiwiaWF0IjoxNzYxMTMxNzUwLCJleHAiOjE3NjM3MjM3NTB9.Soi9p-01wxYvOOnLU5DmJ5qOdwiy-mk0tF0meiU9pfM
1006,user_1006_09de5f,bKmq0wGZnEB4Y2OR,user_1006_09de5f@example.com,eyJhbGciOiJIUzI1NiIsInR5cCI6IkpXVCJ9.eyJzdWIiOiIxMDA2IiwiaWF0IjoxNzYxMTMxNzUxLCJleHAiOjE3NjM3MjM3NTF9.Df69xLGTPqRgm8CZ2j7fUmNafXfEe39PJYmfG7rocNA
1008,user_1008_a4bb5b,tVW4hXbWfCh0da-M,user_1008_a4bb5b@example.com,eyJhbGciOiJIUzI1NiIsInR5cCI6IkpXVCJ9.eyJzdWIiOiIxMDA4IiwiaWF0IjoxNzYxMTMxNzUxLCJleHAiOjE3NjM3MjM3NTF9.N3YKWU4VN45jTPfVlTex1OrbvRU_ky71lcyf9AtCZzw
1010,user_1010_207633,JtwGYRWeyGhTHY4K,user_1010_207633@example.com,eyJhbGciOiJIUzI1NiIsInR5cCI6IkpXVCJ9.eyJzdWIiOiIxMDEwIiwiaWF0IjoxNzYxMTMxNzUxLCJleHAiOjE3NjM3MjM3NTF9.krNgPi8qrTum4bFZum3aL2wWqpWEMJw4nYzgzLHaduE
1011,user_1011_2e9f5e,GS8z4c0ybNoew0Yw,user_1011_2e9f5e@example.com,eyJhbGciOiJIUzI1NiIsInR5cCI6IkpXVCJ9.eyJzdWIiOiIxMDExIiwiaWF0IjoxNzYxMTMxNzUyLCJleHAiOjE3NjM3MjM3NTJ9.L_iJUHLLcI7T9gVruiQMAwf5a-1E5TQGKlh40uHLpT0
1024,user_1024_8f707c,NCcqMbWJp4vVLsSo,user_1024_8f707c@example.com,eyJhbGciOiJIUzI1NiIsInR5cCI6IkpXVCJ9.eyJzdWIiOiIxMDI0IiwiaWF0IjoxNzYxMTMxNzUyLCJleHAiOjE3NjM3MjM3NTJ9.HkCh7IU2ULxRMHF2g52Y4f6tB7kaWCOO6EMwgYPjIh8
1026,user_1026_36bc08,v8BLtWuNPHjQu5lc,user_1026_36bc08@example.com,eyJhbGciOiJIUzI1NiIsInR5cCI6IkpXVCJ9.eyJzdWIiOiIxMDI2IiwiaWF0IjoxNzYxMTMxNzUyLCJleHAiOjE3NjM3MjM3NTJ9.AlfjipnASq_enkiFq1iTaQMsNc9NgChxYCUe-vfTV9M
1030,user_1030_833eb7,FbU3m_jZQkev1vgv,user_1030_833eb7@example.com,eyJhbGciOiJIUzI1NiIsInR5cCI6IkpXVCJ9.eyJzdWIiOiIxMDMwIiwiaWF0IjoxNzYxMTMxNzUyLCJleHAiOjE3NjM3MjM3NTJ9.RGhYjqh6zCPIccZaj0Vd8s8AOG4wXdSq5Wxfe2k2eGw
1031,user_1031_b1b0c6,IU1ErJiZbuiUDiR4,user_1031_b1b0c6@example.com,eyJhbGciOiJIUzI1NiIsInR5cCI6IkpXVCJ9.eyJzdWIiOiIxMDMxIiwiaWF0IjoxNzYxMTMxNzUzLCJleHAiOjE3NjM3MjM3NTN9.SiG3FsGnsbReuMljhL0wMxv-l9eVB01eP0-4uGWXrD4
1032,user_1032_8478b6,paCez7n8TchrIDlU,user_1032_8478b6@example.com,eyJhbGciOiJIUzI1NiIsInR5cCI6IkpXVCJ9.eyJzdWIiOiIxMDMyIiwiaWF0IjoxNzYxMTMxNzUzLCJleHAiOjE3NjM3MjM3NTN9.vZRUGsT2MhWRmjejwhj-Aa4pxgwmBVkmGCJFj3rfG9U
1034,user_1034_ebe125,TWyRXCJKaalhAM8q,user_1034_ebe125@example.com,eyJhbGciOiJIUzI1NiIsInR5cCI6IkpXVCJ9.eyJzdWIiOiIxMDM0IiwiaWF0IjoxNzYxMTMxNzUzLCJleHAiOjE3NjM3MjM3NTN9.s9PHQxs4JFtOXUDS-VS15HiOwVE70deKbBe21i181sI
1040,user_1040_ea87a7,PehOslN-JQTWp0bs,user_1040_ea87a7@example.com,eyJhbGciOiJIUzI1NiIsInR5cCI6IkpXVCJ9.eyJzdWIiOiIxMDQwIiwiaWF0IjoxNzYxMTMxNzU0LCJleHAiOjE3NjM3MjM3NTR9.xNEEJpuq_ygbLvHZj2VXVTn4CCSdek7XkSEvORNMxUk
1045,user_1045_1bc3bf,A2hsbTuZt9xPHycl,user_1045_1bc3bf@example.com,eyJhbGciOiJIUzI1NiIsInR5cCI6IkpXVCJ9.eyJzdWIiOiIxMDQ1IiwiaWF0IjoxNzYxMTMxNzU0LCJleHAiOjE3NjM3MjM3NTR9.5eKs0ewJ_T25CZSPMmmITtfvV-2oE5Z6eDeTccC3LSo
1050,user_1050_a53a33,6trS0HNnCGYl-US3,user_1050_a53a33@example.com,eyJhbGciOiJIUzI1NiIsInR5cCI6IkpXVCJ9.eyJzdWIiOiIxMDUwIiwiaWF0IjoxNzYxMTMxNzU0LCJleHAiOjE3NjM3MjM3NTR9.tH8WcOqagbr5kFzM6ssXDl6rmxAxvCUJH-PnC4j0F90
1055,user_1055_5a31d1,ZTs1MNMYw6y0PwRA,user_1055_5a31d1@example.com,eyJhbGciOiJIUzI1NiIsInR5cCI6IkpXVCJ9.eyJzdWIiOiIxMDU1IiwiaWF0IjoxNzYxMTMxNzU0LCJleHAiOjE3NjM3MjM3NTR9.5l00g5E_ZjFncq4SmsrrR5k2ECZrOv67H3KHMPjqW9s
1056,user_1056_1e600d,hePTLZRV7LO1nSN1,user_1056_1e600d@example.com,eyJhbGciOiJIUzI1NiIsInR5cCI6IkpXVCJ9.eyJzdWIiOiIxMDU2IiwiaWF0IjoxNzYxMTMxNzU1LCJleHAiOjE3NjM3MjM3NTV9.MLjLBlfzltjyj3_R25PT3rbKq2xbNHvpKJz9kw1QfCA
1060,user_1060_62dd5f,q_pSvRA5IWI0zBz9,user_1060_62dd5f@example.com,eyJhbGciOiJIUzI1NiIsInR5cCI6IkpXVCJ9.eyJzdWIiOiIxMDYwIiwiaWF0IjoxNzYxMTMxNzU1LCJleHAiOjE3NjM3MjM3NTV9.I1gPAnyGzjkc14Kk9nDNXxyIxoyLg3k1bnp8jFOk7u4
1061,user_1061_ceaef0,qeaVXKbQNvrpTcVw,user_1061_ceaef0@example.com,eyJhbGciOiJIUzI1NiIsInR5cCI6IkpXVCJ9.eyJzdWIiOiIxMDYxIiwiaWF0IjoxNzYxMTMxNzU1LCJleHAiOjE3NjM3MjM3NTV9.cRjF6BX-WfxdxCOaeCWR07Z5cvUxBs_lM6WDv9LrBVQ
1064,user_1064_eae8ae,5cq6nd8-rHMsG7ww,user_1064_eae8ae@example.com,eyJhbGciOiJIUzI1NiIsInR5cCI6IkpXVCJ9.eyJzdWIiOiIxMDY0IiwiaWF0IjoxNzYxMTMxNzU1LCJleHAiOjE3NjM3MjM3NTV9.yAJNIcsdQGE2598roGzo1zsTVAAMlShEElSr5aHzy14
1066,user_1066_9d2f9d,ICRIg-ZOmFulXpGA,user_1066_9d2f9d@example.com,eyJhbGciOiJIUzI1NiIsInR5cCI6IkpXVCJ9.eyJzdWIiOiIxMDY2IiwiaWF0IjoxNzYxMTMxNzU2LCJleHAiOjE3NjM3MjM3NTZ9.AaxrtHgVihRKnTYkm-Y-6fFA5TKJE3ett2S2ie_8lTo
1067,user_1067_923fed,4HDv5dO0WCciTj-X,user_1067_923fed@example.com,eyJhbGciOiJIUzI1NiIsInR5cCI6IkpXVCJ9.eyJzdWIiOiIxMDY3IiwiaWF0IjoxNzYxMTMxNzU2LCJleHAiOjE3NjM3MjM3NTZ9.mhICvPYAqtlgjPJnsMGNQlkxb5uaPtzvzbra-eU1oTk
1068,user_1068_5ca12d,0aNmHotaQmYIICrw,user_1068_5ca12d@example.com,eyJhbGciOiJIUzI1NiIsInR5cCI6IkpXVCJ9.eyJzdWIiOiIxMDY4IiwiaWF0IjoxNzYxMTMxNzU2LCJleHAiOjE3NjM3MjM3NTZ9.8S2VjOxhkNFp47UHNLP-mhfWYHSxcF8Elmoxp0-767g
1071,user_1071_18fa6c,pzdgufx1DU-Kh-5i,user_1071_18fa6c@example.com,eyJhbGciOiJIUzI1NiIsInR5cCI6IkpXVCJ9.eyJzdWIiOiIxMDcxIiwiaWF0IjoxNzYxMTMxNzU2LCJleHAiOjE3NjM3MjM3NTZ9.u8rEwWWXN8KYosIuAdlTkWljZPzq4WcAy55zEKBRDXY
1073,user_1073_aabdb9,BW_zREChDE8X1Giv,user_1073_aabdb9@example.com,eyJhbGciOiJIUzI1NiIsInR5cCI6IkpXVCJ9.eyJzdWIiOiIxMDczIiwiaWF0IjoxNzYxMTMxNzU3LCJleHAiOjE3NjM3MjM3NTd9.rrRDynfQY1m20fPPINk6vuyCs0aWKKUJ07WaSI7Ast8
1077,user_1077_586a41,fvvWA8IR7vsFXhmZ,user_1077_586a41@example.com,eyJhbGciOiJIUzI1NiIsInR5cCI6IkpXVCJ9.eyJzdWIiOiIxMDc3IiwiaWF0IjoxNzYxMTMxNzU3LCJleHAiOjE3NjM3MjM3NTd9.Zm3gMMJDwHz0nvGf-HngjwbvDk1L8SpJBvFkYclitgw
1082,user_1082_ae9ad2,ml9x8J657J4YJozo,user_1082_ae9ad2@example.com,eyJhbGciOiJIUzI1NiIsInR5cCI6IkpXVCJ9.eyJzdWIiOiIxMDgyIiwiaWF0IjoxNzYxMTMxNzU3LCJleHAiOjE3NjM3MjM3NTd9.keihnpLrCOaZFxa559IacCI4_Y2JskIDF0HpHXzSp7I
1083,user_1083_ce0dd4,UKEgs8hhLEzWvGBh,user_1083_ce0dd4@example.com,eyJhbGciOiJIUzI1NiIsInR5cCI6IkpXVCJ9.eyJzdWIiOiIxMDgzIiwiaWF0IjoxNzYxMTMxNzU4LCJleHAiOjE3NjM3MjM3NTh9.EO6mYHNX_feV9ZRBCzYpEojzl_4pMzWLrkotOjVX_sI
1085,user_1085_83542e,s8IpGn4a9ouXTK1t,user_1085_83542e@example.com,eyJhbGciOiJIUzI1NiIsInR5cCI6IkpXVCJ9.eyJzdWIiOiIxMDg1IiwiaWF0IjoxNzYxMTMxNzU4LCJleHAiOjE3NjM3MjM3NTh9.PEdQN9fVcj86qQeU0FDi1jZo6k8X_Kjy3pmpwYmx5Yk
1087,user_1087_72edfc,WY3j-NKKYHmoTGBs,user_1087_72edfc@example.com,eyJhbGciOiJIUzI1NiIsInR5cCI6IkpXVCJ9.eyJzdWIiOiIxMDg3IiwiaWF0IjoxNzYxMTMxNzU4LCJleHAiOjE3NjM3MjM3NTh9.6yjTFjl3-iIUXbfcQ568qzL1_4K54vdcp_myWUzuDqU
1089,user_1089_60ab9e,v0rjFFbNerAc09Vt,user_1089_60ab9e@example.com,eyJhbGciOiJIUzI1NiIsInR5cCI6IkpXVCJ9.eyJzdWIiOiIxMDg5IiwiaWF0IjoxNzYxMTMxNzU4LCJleHAiOjE3NjM3MjM3NTh9.LOOfnrgQpNZz59iYdum7Ri8wI2QnTUBMJU7oKub1NmQ
1097,user_1097_a8b349,OvFHY8dMJaJh2Fa8,user_1097_a8b349@example.com,eyJhbGciOiJIUzI1NiIsInR5cCI6IkpXVCJ9.eyJzdWIiOiIxMDk3IiwiaWF0IjoxNzYxMTMxNzU5LCJleHAiOjE3NjM3MjM3NTl9.RB72skCfLz9pRCkuWEDQ2SvMZSGX-5Re7mmqp4_a1jI
1098,user_1098_f0f440,Z34S6lcWfMMwAIP2,user_1098_f0f440@example.com,eyJhbGciOiJIUzI1NiIsInR5cCI6IkpXVCJ9.eyJzdWIiOiIxMDk4IiwiaWF0IjoxNzYxMTMxNzU5LCJleHAiOjE3NjM3MjM3NTl9.-aEFRUu-jJ7abYP7O-xpTiK1HMvSaDV7Jc2nMWf3im0
1102,user_1102_082184,gD3WQMNpYd-8xMT9,user_1102_082184@example.com,eyJhbGciOiJIUzI1NiIsInR5cCI6IkpXVCJ9.eyJzdWIiOiIxMTAyIiwiaWF0IjoxNzYxMTMxNzU5LCJleHAiOjE3NjM3MjM3NTl9.l84SnqSRHI4cBUWr1Ybc0e9PxXCW41KUjhJlw9xLDFA
1108,user_1108_26a31e,8Vj42Ig4j2KQn3oZ,user_1108_26a31e@example.com,eyJhbGciOiJIUzI1NiIsInR5cCI6IkpXVCJ9.eyJzdWIiOiIxMTA4IiwiaWF0IjoxNzYxMTMxNzYwLCJleHAiOjE3NjM3MjM3NjB9.ipQw0O_yL2DL4yI_VBv9vM6jzvhF7R7a7IH7Wtm4lRM
1110,user_1110_2822e8,fKtdIgWo6NOPqHi0,user_1110_2822e8@example.com,eyJhbGciOiJIUzI1NiIsInR5cCI6IkpXVCJ9.eyJzdWIiOiIxMTEwIiwiaWF0IjoxNzYxMTMxNzYwLCJleHAiOjE3NjM3MjM3NjB9.M_SN4-x6RjzgLPjxz113cuVlmC8uZFIvXf1-6sn7cZA
1111,user_1111_7adaa0,_EfuZHXXay6x6K-n,user_1111_7adaa0@example.com,eyJhbGciOiJIUzI1NiIsInR5cCI6IkpXVCJ9.eyJzdWIiOiIxMTExIiwiaWF0IjoxNzYxMTMxNzYwLCJleHAiOjE3NjM3MjM3NjB9.0A8UH35tB94bE6Nai-892cDSabuJnyjhRG3EkijKemA
1119,user_1119_ec2b25,mJBsNFS3pWrGWXF2,user_1119_ec2b25@example.com,eyJhbGciOiJIUzI1NiIsInR5cCI6IkpXVCJ9.eyJzdWIiOiIxMTE5IiwiaWF0IjoxNzYxMTMxNzYwLCJleHAiOjE3NjM3MjM3NjB9.CXyQf6FI3haJwnJoElmWq1c_MrKjVGd2cSozFehM248
1121,user_1121_b2ad03,VhbRNJuX8R1Atndi,user_1121_b2ad03@example.com,eyJhbGciOiJIUzI1NiIsInR5cCI6IkpXVCJ9.eyJzdWIiOiIxMTIxIiwiaWF0IjoxNzYxMTMxNzYxLCJleHAiOjE3NjM3MjM3NjF9.Z_wPNlC6xf648t1U_RDsgrnwFX_iKpVGbHOu0ktj1Mo
1137,user_1137_268304,ToNcfkuRRYKd8x5c,user_1137_268304@example.com,eyJhbGciOiJIUzI1NiIsInR5cCI6IkpXVCJ9.eyJzdWIiOiIxMTM3IiwiaWF0IjoxNzYxMTMxNzYxLCJleHAiOjE3NjM3MjM3NjF9.LGAZKWmhxUN9XkpLZUB3U5EMguTKmEpdq74m1Ba9nHQ
1138,user_1138_7a99bb,pHZOxbgzhMnL0ccu,user_1138_7a99bb@example.com,eyJhbGciOiJIUzI1NiIsInR5cCI6IkpXVCJ9.eyJzdWIiOiIxMTM4IiwiaWF0IjoxNzYxMTMxNzYxLCJleHAiOjE3NjM3MjM3NjF9.B-6U9DVb66dvG7ACu-PYbHm5lI_2_De09dVABClh95w
1140,user_1140_a3953f,WPbP5i9mYrPaFYOz,user_1140_a3953f@example.com,eyJhbGciOiJIUzI1NiIsInR5cCI6IkpXVCJ9.eyJzdWIiOiIxMTQwIiwiaWF0IjoxNzYxMTMxNzYxLCJleHAiOjE3NjM3MjM3NjF9.T5CgGUZgQ3RIM1TXoJfN7qkGYlcCqkZa1jCEU5PUBko
1142,user_1142_651bea,nN8IUsjo7LuUsPTJ,user_1142_651bea@example.com,eyJhbGciOiJIUzI1NiIsInR5cCI6IkpXVCJ9.eyJzdWIiOiIxMTQyIiwiaWF0IjoxNzYxMTMxNzYyLCJleHAiOjE3NjM3MjM3NjJ9.WLwwJgWz3eqsP7Wxkn_2VZqnenY0U_SZM80Q3KMmvag
1156,user_1156_ad8ed8,WyryV3ejFdey9mmV,user_1156_ad8ed8@example.com,eyJhbGciOiJIUzI1NiIsInR5cCI6IkpXVCJ9.eyJzdWIiOiIxMTU2IiwiaWF0IjoxNzYxMTMxNzYyLCJleHAiOjE3NjM3MjM3NjJ9.0rrXr_zuX3l_aga0wzQ8RgMERmlHT2ZSfFjomZd15vM
1159,user_1159_9749e0,AZjvOj7ZEFvUURGo,user_1159_9749e0@example.com,eyJhbGciOiJIUzI1NiIsInR5cCI6IkpXVCJ9.eyJzdWIiOiIxMTU5IiwiaWF0IjoxNzYxMTMxNzYyLCJleHAiOjE3NjM3MjM3NjJ9.FAmF0uzAmf3KKCFXldoGKnttq9X3kaZGNO7YwJ0Zy40
1169,user_1169_8eab75,GlKK_Ed7G3fVIgUF,user_1169_8eab75@example.com,eyJhbGciOiJIUzI1NiIsInR5cCI6IkpXVCJ9.eyJzdWIiOiIxMTY5IiwiaWF0IjoxNzYxMTMxNzYyLCJleHAiOjE3NjM3MjM3NjJ9.9rfbFBoql6ACGbCaBPPOVK-CxFK7OXeLhaBoJEXtzGg
1175,user_1175_fd2d48,vnO6MICAavJT4Gqd,user_1175_fd2d48@example.com,eyJhbGciOiJIUzI1NiIsInR5cCI6IkpXVCJ9.eyJzdWIiOiIxMTc1IiwiaWF0IjoxNzYxMTMxNzYzLCJleHAiOjE3NjM3MjM3NjN9.PR0RMKjh_WjI2XnXIzog3HLp43Srkru2JLCtwFuzwWw
1185,user_1185_f93aaa,PVVzh9AsCzpje1oZ,user_1185_f93aaa@example.com,eyJhbGciOiJIUzI1NiIsInR5cCI6IkpXVCJ9.eyJzdWIiOiIxMTg1IiwiaWF0IjoxNzYxMTMxNzYzLCJleHAiOjE3NjM3MjM3NjN9.wd4E9A-S2B1SeS_YH2yFFRPIxDd5VaP6XgxDDdLjbB0
1193,user_1193_d693d7,XL-AlYQ32srI_Q7r,user_1193_d693d7@example.com,eyJhbGciOiJIUzI1NiIsInR5cCI6IkpXVCJ9.eyJzdWIiOiIxMTkzIiwiaWF0IjoxNzYxMTMxNzYzLCJleHAiOjE3NjM3MjM3NjN9.mLvdSDmVNyY5JysjAoj7TaA9wXqH-wosKYW_JgHmjCs
1197,user_1197_f701c2,FQPFGWAoD0GD08bz,user_1197_f701c2@example.com,eyJhbGciOiJIUzI1NiIsInR5cCI6IkpXVCJ9.eyJzdWIiOiIxMTk3IiwiaWF0IjoxNzYxMTMxNzY0LCJleHAiOjE3NjM3MjM3NjR9.1SkedsX39EsIFGHXLTFVBU_kuU5qU1cBpkiES-A4dlM
1199,user_1199_b1bddc,yynduDGaJIpk07PT,user_1199_b1bddc@example.com,eyJhbGciOiJIUzI1NiIsInR5cCI6IkpXVCJ9.eyJzdWIiOiIxMTk5IiwiaWF0IjoxNzYxMTMxNzY0LCJleHAiOjE3NjM3MjM3NjR9.-IRUc1LhQI8gwDRAP_ULJKGpy9mh-A-QLur2e7HifZU
1200,user_1200_632322,4Nr0xESyjDwPvoQt,user_1200_632322@example.com,eyJhbGciOiJIUzI1NiIsInR5cCI6IkpXVCJ9.eyJzdWIiOiIxMjAwIiwiaWF0IjoxNzYxMTMxNzY0LCJleHAiOjE3NjM3MjM3NjR9.aYPEz-E5FsQ6Za8IR-5_iUrZcFG8SkiqJmbr5er6IGw
1205,user_1205_adacc6,DPl3mJOPKrNtslTV,user_1205_adacc6@example.com,eyJhbGciOiJIUzI1NiIsInR5cCI6IkpXVCJ9.eyJzdWIiOiIxMjA1IiwiaWF0IjoxNzYxMTMxNzY0LCJleHAiOjE3NjM3MjM3NjR9.EoUF2CX6JUfSu4vReifTAPQn8xnFyDeJ4lFzbUorSeA
1209,user_1209_ad39ac,8LhzmhP3E2SXyd4o,user_1209_ad39ac@example.com,eyJhbGciOiJIUzI1NiIsInR5cCI6IkpXVCJ9.eyJzdWIiOiIxMjA5IiwiaWF0IjoxNzYxMTMxNzY1LCJleHAiOjE3NjM3MjM3NjV9.UTmI-ts5QL2vfkWLxcKbTO7D4b2FDDFBvvEw_DxHPMU
1210,user_1210_683ef3,2ICxFlINZbsHrYwk,user_1210_683ef3@example.com,eyJhbGciOiJIUzI1NiIsInR5cCI6IkpXVCJ9.eyJzdWIiOiIxMjEwIiwiaWF0IjoxNzYxMTMxNzY1LCJleHAiOjE3NjM3MjM3NjV9.bmeBkwCdvZS6W6zERJ8ghNu-soU3ZSElXQmZVfef-LI
1211,user_1211_43c4f4,X7lPVGWoK7sVpVNx,user_1211_43c4f4@example.com,eyJhbGciOiJIUzI1NiIsInR5cCI6IkpXVCJ9.eyJzdWIiOiIxMjExIiwiaWF0IjoxNzYxMTMxNzY1LCJleHAiOjE3NjM3MjM3NjV9.S4OobWtsQoX8ew8MKR08LR-ej0cGDdC0GTGWiI7cJNQ
1212,user_1212_885e16,epkgGnH28xOSEmZl,user_1212_885e16@example.com,eyJhbGciOiJIUzI1NiIsInR5cCI6IkpXVCJ9.eyJzdWIiOiIxMjEyIiwiaWF0IjoxNzYxMTMxNzY1LCJleHAiOjE3NjM3MjM3NjV9.fs0PhePBcDDVJ-E6GEUIzQF99B-QH-PZyOnV3r_fRjA
1214,user_1214_723226,lmHSP_XzAwmuSrEe,user_1214_723226@example.com,eyJhbGciOiJIUzI1NiIsInR5cCI6IkpXVCJ9.eyJzdWIiOiIxMjE0IiwiaWF0IjoxNzYxMTMxNzY2LCJleHAiOjE3NjM3MjM3NjZ9.0X6m4oIAnEbzSvxUGROoQVb_3u4ytTlQHUosny2GjVw
1219,user_1219_376c69,rp7-ZyHDCbLDvbYs,user_1219_376c69@example.com,eyJhbGciOiJIUzI1NiIsInR5cCI6IkpXVCJ9.eyJzdWIiOiIxMjE5IiwiaWF0IjoxNzYxMTMxNzY2LCJleHAiOjE3NjM3MjM3NjZ9.0zn_hBg3yBm_LMx5JWd82iQqDJFBsMZyS9eOp4XU-hQ
1222,user_1222_b45523,wdU4m31AUAbDd5c9,user_1222_b45523@example.com,eyJhbGciOiJIUzI1NiIsInR5cCI6IkpXVCJ9.eyJzdWIiOiIxMjIyIiwiaWF0IjoxNzYxMTMxNzY2LCJleHAiOjE3NjM3MjM3NjZ9.CKnweZQ-d-fo17ncZVFy6ZqunEEVdI2JhOShsRoij2Q
1228,user_1228_23df2e,jiGRsuLMy3Wz0CAV,user_1228_23df2e@example.com,eyJhbGciOiJIUzI1NiIsInR5cCI6IkpXVCJ9.eyJzdWIiOiIxMjI4IiwiaWF0IjoxNzYxMTMxNzY3LCJleHAiOjE3NjM3MjM3Njd9.bITJLFZxhZXCyeq-aN1ze8RLpgkmgNp5g73WtE5nHME
1232,user_1232_ff079d,JH5aex1w5Mfj4YWI,user_1232_ff079d@example.com,eyJhbGciOiJIUzI1NiIsInR5cCI6IkpXVCJ9.eyJzdWIiOiIxMjMyIiwiaWF0IjoxNzYxMTMxNzY3LCJleHAiOjE3NjM3MjM3Njd9.Pqmg_ZHwb_WQ8oxOtV9n-GnquOCfBuxBGVtsgEIJRjA
1236,user_1236_cabfc9,FBFnvWNMEbOrst4C,user_1236_cabfc9@example.com,eyJhbGciOiJIUzI1NiIsInR5cCI6IkpXVCJ9.eyJzdWIiOiIxMjM2IiwiaWF0IjoxNzYxMTMxNzY3LCJleHAiOjE3NjM3MjM3Njd9.yRyQYPSHvNOA-VYYNMpsj7L8l5MdGnH89vc37pf7Qxw
1238,user_1238_3ca0ed,jLONxAE7q2I34aEM,user_1238_3ca0ed@example.com,eyJhbGciOiJIUzI1NiIsInR5cCI6IkpXVCJ9.eyJzdWIiOiIxMjM4IiwiaWF0IjoxNzYxMTMxNzY3LCJleHAiOjE3NjM3MjM3Njd9.lvXn5YrZqA-l8fgIK4ivXIKtdXxN-iSKpmgZZPwUwUI
1240,user_1240_25e08f,8nlyXCU9PVzgnWfQ,user_1240_25e08f@example.com,eyJhbGciOiJIUzI1NiIsInR5cCI6IkpXVCJ9.eyJzdWIiOiIxMjQwIiwiaWF0IjoxNzYxMTMxNzY4LCJleHAiOjE3NjM3MjM3Njh9.C6EsjiXnAo8qscEpRPecfX0V-m95j2ZzrZYRvfFEiO4
1245,user_1245_8a11dd,NepIt-W7OR65pl2w,user_1245_8a11dd@example.com,eyJhbGciOiJIUzI1NiIsInR5cCI6IkpXVCJ9.eyJzdWIiOiIxMjQ1IiwiaWF0IjoxNzYxMTMxNzY4LCJleHAiOjE3NjM3MjM3Njh9.rWXTv5pZt38-azlQe7u3pdl0q1tYaxIbC8xYvqkRBHc
1248,user_1248_6f814b,OKTol6vjsQHX1FvN,user_1248_6f814b@example.com,eyJhbGciOiJIUzI1NiIsInR5cCI6IkpXVCJ9.eyJzdWIiOiIxMjQ4IiwiaWF0IjoxNzYxMTMxNzY4LCJleHAiOjE3NjM3MjM3Njh9.w4DpfX12w-Og45yhklWLU9ozDGYNGgZV-plTmGWIVd4
1250,user_1250_234812,zvTcFU4LaWoMtQPV,user_1250_234812@example.com,eyJhbGciOiJIUzI1NiIsInR5cCI6IkpXVCJ9.eyJzdWIiOiIxMjUwIiwiaWF0IjoxNzYxMTMxNzY4LCJleHAiOjE3NjM3MjM3Njh9.RMVSKc6om2FRhtQ710pxPPmVT1XVwgz608VcKBH6CWY
1251,user_1251_b2e1b9,qI8Bkag6loTeL0hb,user_1251_b2e1b9@example.com,eyJhbGciOiJIUzI1NiIsInR5cCI6IkpXVCJ9.eyJzdWIiOiIxMjUxIiwiaWF0IjoxNzYxMTMxNzY5LCJleHAiOjE3NjM3MjM3Njl9.FiVjzzb3zEUelnIy32SLptQtZ0s3cbUDFVeSEqWEOOA
1255,user_1255_f45d94,Gle1qf8aEUFIQheQ,user_1255_f45d94@example.com,eyJhbGciOiJIUzI1NiIsInR5cCI6IkpXVCJ9.eyJzdWIiOiIxMjU1IiwiaWF0IjoxNzYxMTMxNzY5LCJleHAiOjE3NjM3MjM3Njl9.iJ6NItfSPaj2cA_uqAKggXVHop0a-TPgnU-LrWo-BJw
1257,user_1257_f16aa6,A2xe8Fi84YQ0PlLR,user_1257_f16aa6@example.com,eyJhbGciOiJIUzI1NiIsInR5cCI6IkpXVCJ9.eyJzdWIiOiIxMjU3IiwiaWF0IjoxNzYxMTMxNzY5LCJleHAiOjE3NjM3MjM3Njl9.zy8N6m6YFa4PWnnKedBziFqus6cTwpK73G1UScPJQcw
1260,user_1260_a9c8ed,C2wFaHBQyMn-XrRD,user_1260_a9c8ed@example.com,eyJhbGciOiJIUzI1NiIsInR5cCI6IkpXVCJ9.eyJzdWIiOiIxMjYwIiwiaWF0IjoxNzYxMTMxNzcwLCJleHAiOjE3NjM3MjM3NzB9.97Z6Dhki-JfMZZJHfH3FRmSdy0Gz2S2ZkFR5cSDGEQU
1261,user_1261_2f9267,ZmiORBJvyR91S3n5,user_1261_2f9267@example.com,eyJhbGciOiJIUzI1NiIsInR5cCI6IkpXVCJ9.eyJzdWIiOiIxMjYxIiwiaWF0IjoxNzYxMTMxNzcwLCJleHAiOjE3NjM3MjM3NzB9.Mapo0Zo-PbGjgOuR9h6DKZpoF4fkgfLqyWlhwY1Xwoc
1262,user_1262_14f87d,cVGwk4z93Hp2PMAO,user_1262_14f87d@example.com,eyJhbGciOiJIUzI1NiIsInR5cCI6IkpXVCJ9.eyJzdWIiOiIxMjYyIiwiaWF0IjoxNzYxMTMxNzcwLCJleHAiOjE3NjM3MjM3NzB9.76-oiSALXtV9ZmCLsgVEFg_1h1pXwAH16MvyEwI7TaM
1266,user_1266_824f20,UCFi0f1EO0jE7U91,user_1266_824f20@example.com,eyJhbGciOiJIUzI1NiIsInR5cCI6IkpXVCJ9.eyJzdWIiOiIxMjY2IiwiaWF0IjoxNzYxMTMxNzcwLCJleHAiOjE3NjM3MjM3NzB9.cNzZn3YavsL_Bkr7_hh48V2omqAcNPX3UZBuju6_4bs
1267,user_1267_c102a2,hIy0lt2WBYOxdmhR,user_1267_c102a2@example.com,eyJhbGciOiJIUzI1NiIsInR5cCI6IkpXVCJ9.eyJzdWIiOiIxMjY3IiwiaWF0IjoxNzYxMTMxNzcxLCJleHAiOjE3NjM3MjM3NzF9.RlFc57yFA6eVH2x5hiK3TVTfwArYlNaMx1X9Guv58fo
1276,user_1276_869c0a,E2veEeh8f0LZCZgb,user_1276_869c0a@example.com,eyJhbGciOiJIUzI1NiIsInR5cCI6IkpXVCJ9.eyJzdWIiOiIxMjc2IiwiaWF0IjoxNzYxMTMxNzcxLCJleHAiOjE3NjM3MjM3NzF9.RXdiYbEehKFve57ljXRfP-cPic-KPB8zdUhxwLolxzw
1278,user_1278_d4bbe5,iUt0d2eQX4_8aVH3,user_1278_d4bbe5@example.com,eyJhbGciOiJIUzI1NiIsInR5cCI6IkpXVCJ9.eyJzdWIiOiIxMjc4IiwiaWF0IjoxNzYxMTMxNzcxLCJleHAiOjE3NjM3MjM3NzF9.BDVssxlKPuarRbvDJXItMZNfmQoPbL8jSn4QJhzGevI
1282,user_1282_b01d03,YYh0eel6cNp_-FEn,user_1282_b01d03@example.com,eyJhbGciOiJIUzI1NiIsInR5cCI6IkpXVCJ9.eyJzdWIiOiIxMjgyIiwiaWF0IjoxNzYxMTMxNzcxLCJleHAiOjE3NjM3MjM3NzF9.36Em2lZrEkQBQE8DXgWWB7UyUZEjSHo5bSYpfMl0BNU
1287,user_1287_55c372,zJRXg_aaMHy4VnW3,user_1287_55c372@example.com,eyJhbGciOiJIUzI1NiIsInR5cCI6IkpXVCJ9.eyJzdWIiOiIxMjg3IiwiaWF0IjoxNzYxMTMxNzcyLCJleHAiOjE3NjM3MjM3NzJ9.hIoKCwIAijui7X7Q5GNTzcepyZ--ZSepJCXAQP8JBQk
1290,user_1290_74b140,EKZPpaqk2NrgU_eL,user_1290_74b140@example.com,eyJhbGciOiJIUzI1NiIsInR5cCI6IkpXVCJ9.eyJzdWIiOiIxMjkwIiwiaWF0IjoxNzYxMTMxNzcyLCJleHAiOjE3NjM3MjM3NzJ9.lWlmQ4qd8MtcBm2OVW44sHCwHHtuKtzqfrQSFSSLUzI
1291,user_1291_92abc2,cEqLnumJfKRA8XSd,user_1291_92abc2@example.com,eyJhbGciOiJIUzI1NiIsInR5cCI6IkpXVCJ9.eyJzdWIiOiIxMjkxIiwiaWF0IjoxNzYxMTMxNzcyLCJleHAiOjE3NjM3MjM3NzJ9.jWe4BNADXM-EUScm6tu7Ko1PlJYrpxf2vnq_QM82XbI
1293,user_1293_5c0d9f,2Ey-Dp57X7jV635N,user_1293_5c0d9f@example.com,eyJhbGciOiJIUzI1NiIsInR5cCI6IkpXVCJ9.eyJzdWIiOiIxMjkzIiwiaWF0IjoxNzYxMTMxNzczLCJleHAiOjE3NjM3MjM3NzN9.gb7WFHvxRPnQVdFvS1M7n3xKX98cbsqO0JvYrMXVLjs
1295,user_1295_5bb758,h_lmNqdjbupg24sH,user_1295_5bb758@example.com,eyJhbGciOiJIUzI1NiIsInR5cCI6IkpXVCJ9.eyJzdWIiOiIxMjk1IiwiaWF0IjoxNzYxMTMxNzczLCJleHAiOjE3NjM3MjM3NzN9.JJtu9uQDdsp6dIxbP_YJubbKH3ysFBRUqQWw6kg-xAw
1297,user_1297_20e3e0,OWI2MfDR5oANKEmk,user_1297_20e3e0@example.com,eyJhbGciOiJIUzI1NiIsInR5cCI6IkpXVCJ9.eyJzdWIiOiIxMjk3IiwiaWF0IjoxNzYxMTMxNzczLCJleHAiOjE3NjM3MjM3NzN9.E9EKjNJprQZLuix_iuvTOTvyYkhSIPXsFx5-MUAlT8o
1299,user_1299_bf2964,kAbfH9-5pm-ilpc0,user_1299_bf2964@example.com,eyJhbGciOiJIUzI1NiIsInR5cCI6IkpXVCJ9.eyJzdWIiOiIxMjk5IiwiaWF0IjoxNzYxMTMxNzczLCJleHAiOjE3NjM3MjM3NzN9.q1U1g60uXscGPKSKN6ISH-GcH3KZU0G_iJleurSv8W8
1300,user_1300_ac5179,C7NxO9Y5-r_1NA76,user_1300_ac5179@example.com,eyJhbGciOiJIUzI1NiIsInR5cCI6IkpXVCJ9.eyJzdWIiOiIxMzAwIiwiaWF0IjoxNzYxMTMxNzc0LCJleHAiOjE3NjM3MjM3NzR9.e0rqipeI2wmTVEKIZfc2Wzy0ee7H22QoJzO8yt5TFqQ
1306,user_1306_841cde,0Y__8o7UmRnvEQs3,user_1306_841cde@example.com,eyJhbGciOiJIUzI1NiIsInR5cCI6IkpXVCJ9.eyJzdWIiOiIxMzA2IiwiaWF0IjoxNzYxMTMxNzc0LCJleHAiOjE3NjM3MjM3NzR9.43asWsezXb7YD0XoSrxiPFsowndZz4iQBB5ahMV5Apk
1307,user_1307_653532,rbhGsnkGJMLeT-2g,user_1307_653532@example.com,eyJhbGciOiJIUzI1NiIsInR5cCI6IkpXVCJ9.eyJzdWIiOiIxMzA3IiwiaWF0IjoxNzYxMTMxNzc0LCJleHAiOjE3NjM3MjM3NzR9.7kbYI3VziEgATPPxBM_96xcdcWKVQH4RfitSvpKmLbo
1308,user_1308_103d7c,z6q-85Yha0v_7O2D,user_1308_103d7c@example.com,eyJhbGciOiJIUzI1NiIsInR5cCI6IkpXVCJ9.eyJzdWIiOiIxMzA4IiwiaWF0IjoxNzYxMTMxNzc0LCJleHAiOjE3NjM3MjM3NzR9.ji_LE0JGpIaXUI3yKZactYUlfm_b3RKxmR4m3uhcjmY
1310,user_1310_8a9dd3,I9Ef0Tpy8nFvjkJN,user_1310_8a9dd3@example.com,eyJhbGciOiJIUzI1NiIsInR5cCI6IkpXVCJ9.eyJzdWIiOiIxMzEwIiwiaWF0IjoxNzYxMTMxNzc1LCJleHAiOjE3NjM3MjM3NzV9.zm-XXKLsWtvnimpUaVSEfawRBsmFnxfcc3k8RMQAIdI
1311,user_1311_e41fe9,EsQ5j37DXGKUVv30,user_1311_e41fe9@example.com,eyJhbGciOiJIUzI1NiIsInR5cCI6IkpXVCJ9.eyJzdWIiOiIxMzExIiwiaWF0IjoxNzYxMTMxNzc1LCJleHAiOjE3NjM3MjM3NzV9.GU_Augdm3njzpaf3J2YftipGW1Vaguq6fuVF1iIPDAY
1313,user_1313_1490b3,GSE22WDp1JxNlN3M,user_1313_1490b3@example.com,eyJhbGciOiJIUzI1NiIsInR5cCI6IkpXVCJ9.eyJzdWIiOiIxMzEzIiwiaWF0IjoxNzYxMTMxNzc1LCJleHAiOjE3NjM3MjM3NzV9.VeM6rMfG7nvSk38fpEOwiYPSIIGRnpW9FWp7zzDIXmQ
1315,user_1315_a942a9,x8nQOcpjgEf0hwGO,user_1315_a942a9@example.com,eyJhbGciOiJIUzI1NiIsInR5cCI6IkpXVCJ9.eyJzdWIiOiIxMzE1IiwiaWF0IjoxNzYxMTMxNzc1LCJleHAiOjE3NjM3MjM3NzV9.x1Hhmq_oK9GP2AMp5FgUHXatbum7E13RMBpNGp1PqDU
1319,user_1319_7f4850,5sOUU1j84uuHgzZQ,user_1319_7f4850@example.com,eyJhbGciOiJIUzI1NiIsInR5cCI6IkpXVCJ9.eyJzdWIiOiIxMzE5IiwiaWF0IjoxNzYxMTMxNzc2LCJleHAiOjE3NjM3MjM3NzZ9.R11yBPFSHE2r69S6m6vCg8olxF3eQ0pSpTls8uk8gmU
1320,user_1320_109981,rDhJx7V0CAeegLuX,user_1320_109981@example.com,eyJhbGciOiJIUzI1NiIsInR5cCI6IkpXVCJ9.eyJzdWIiOiIxMzIwIiwiaWF0IjoxNzYxMTMxNzc2LCJleHAiOjE3NjM3MjM3NzZ9.BnToCUWHVneX7GpJZIK8CJ_JRPgy8e5swFiRNqWbCzQ
1322,user_1322_79504a,FmoCKPReRCetws-T,user_1322_79504a@example.com,eyJhbGciOiJIUzI1NiIsInR5cCI6IkpXVCJ9.eyJzdWIiOiIxMzIyIiwiaWF0IjoxNzYxMTMxNzc2LCJleHAiOjE3NjM3MjM3NzZ9.zUPayoYEcXHH6tsXtamr5NfZxF584FvaObzguNx46zk
1324,user_1324_2f04af,72OlKuqByRAauaVl,user_1324_2f04af@example.com,eyJhbGciOiJIUzI1NiIsInR5cCI6IkpXVCJ9.eyJzdWIiOiIxMzI0IiwiaWF0IjoxNzYxMTMxNzc3LCJleHAiOjE3NjM3MjM3Nzd9.tfjSjkzAgoKgCno7j4OtV-QLqEYhWxf4usUMEUF1Obg
1328,user_1328_074263,wYn44bJQ08qKSvEE,user_1328_074263@example.com,eyJhbGciOiJIUzI1NiIsInR5cCI6IkpXVCJ9.eyJzdWIiOiIxMzI4IiwiaWF0IjoxNzYxMTMxNzc3LCJleHAiOjE3NjM3MjM3Nzd9.D05sNcha0UIGkXI011Z4tcBwnWEYHkevGkhgD3LY6fk
1329,user_1329_995eb7,xx1SllGTB1kWrJ6v,user_1329_995eb7@example.com,eyJhbGciOiJIUzI1NiIsInR5cCI6IkpXVCJ9.eyJzdWIiOiIxMzI5IiwiaWF0IjoxNzYxMTMxNzc3LCJleHAiOjE3NjM3MjM3Nzd9.hjZsfKA9xJjIlcQ_dEdBKg3-6P6pbl-wYdpucCVy8x4
1332,user_1332_5c8ea8,8vOWAo2ISP9HnMwP,user_1332_5c8ea8@example.com,eyJhbGciOiJIUzI1NiIsInR5cCI6IkpXVCJ9.eyJzdWIiOiIxMzMyIiwiaWF0IjoxNzYxMTMxNzc3LCJleHAiOjE3NjM3MjM3Nzd9.0VuduQwuZwjpm5jbFg-vUZI6gku0n10SXqkI2hmYbIo
1333,user_1333_09ded3,2DirvKWeJqxDTlyX,user_1333_09ded3@example.com,eyJhbGciOiJIUzI1NiIsInR5cCI6IkpXVCJ9.eyJzdWIiOiIxMzMzIiwiaWF0IjoxNzYxMTMxNzc4LCJleHAiOjE3NjM3MjM3Nzh9.G-tC3KBvNKGGwDfUsfOxb1eVUvCsPPyEJCEnah2FxLY
1345,user_1345_adc61e,wEpmga7majY185vg,user_1345_adc61e@example.com,eyJhbGciOiJIUzI1NiIsInR5cCI6IkpXVCJ9.eyJzdWIiOiIxMzQ1IiwiaWF0IjoxNzYxMTMxNzc4LCJleHAiOjE3NjM3MjM3Nzh9.zuFWuJI8-Kw7FmiCPlxVJz6B-XfUd3dW-xiBGDWpBDw
1347,user_1347_3ff323,ZeK57SMEUrQX2swe,user_1347_3ff323@example.com,eyJhbGciOiJIUzI1NiIsInR5cCI6IkpXVCJ9.eyJzdWIiOiIxMzQ3IiwiaWF0IjoxNzYxMTMxNzc4LCJleHAiOjE3NjM3MjM3Nzh9.a5rLQKfYL5tiRJlcIwiFdmRzN1IucpYyenCWLMbSYsw
1352,user_1352_acb077,HMxp-y-uvIunB7MM,user_1352_acb077@example.com,eyJhbGciOiJIUzI1NiIsInR5cCI6IkpXVCJ9.eyJzdWIiOiIxMzUyIiwiaWF0IjoxNzYxMTMxNzc4LCJleHAiOjE3NjM3MjM3Nzh9.itZMJr4dqHxEeLEMIDP5fQxL9FkPqwwevojCXjmDCpI
1356,user_1356_63075e,Gr8fRElpfbJwjIab,user_1356_63075e@example.com,eyJhbGciOiJIUzI1NiIsInR5cCI6IkpXVCJ9.eyJzdWIiOiIxMzU2IiwiaWF0IjoxNzYxMTMxNzc5LCJleHAiOjE3NjM3MjM3Nzl9.ct_sCsH72XkeM13VCu9dd0qO6nOPYKT3xarVe4M6Msk
1358,user_1358_253090,gXaCrAkXoVD5fpSA,user_1358_253090@example.com,eyJhbGciOiJIUzI1NiIsInR5cCI6IkpXVCJ9.eyJzdWIiOiIxMzU4IiwiaWF0IjoxNzYxMTMxNzc5LCJleHAiOjE3NjM3MjM3Nzl9.hcT1EtSE14hwTg2Lynd06zZRXhi7mqPTFQGAleHS6RM
1360,user_1360_08c524,J7yAeeKgXUZsJ9DH,user_1360_08c524@example.com,eyJhbGciOiJIUzI1NiIsInR5cCI6IkpXVCJ9.eyJzdWIiOiIxMzYwIiwiaWF0IjoxNzYxMTMxNzc5LCJleHAiOjE3NjM3MjM3Nzl9.YXauI0Ru871eybwaU8vDk0LDrcp7isu2NPBmS4zV3U4
1362,user_1362_ed9604,Lal5xnBfSaw-VMQM,user_1362_ed9604@example.com,eyJhbGciOiJIUzI1NiIsInR5cCI6IkpXVCJ9.eyJzdWIiOiIxMzYyIiwiaWF0IjoxNzYxMTMxNzgwLCJleHAiOjE3NjM3MjM3ODB9.eZjWpWsS0AfwRITU9OeVrbmzJpBQNMlrwasQZBmSJGo
1363,user_1363_77b15d,UYmhcFFNc7EZTMt4,user_1363_77b15d@example.com,eyJhbGciOiJIUzI1NiIsInR5cCI6IkpXVCJ9.eyJzdWIiOiIxMzYzIiwiaWF0IjoxNzYxMTMxNzgwLCJleHAiOjE3NjM3MjM3ODB9.1SIN5gn9VlThvJkVZr0xGyw3w8bOXObngVPxh_fFmQM
1364,user_1364_f7a593,7661EQPD_Y_yO6qc,user_1364_f7a593@example.com,eyJhbGciOiJIUzI1NiIsInR5cCI6IkpXVCJ9.eyJzdWIiOiIxMzY0IiwiaWF0IjoxNzYxMTMxNzgwLCJleHAiOjE3NjM3MjM3ODB9.rzwA8DiHMoJhoTkAPdFZVWqgy9C11lsxQeV1yckMbcw
1366,user_1366_507715,jQ6d6iJ8VyNYZTtu,user_1366_507715@example.com,eyJhbGciOiJIUzI1NiIsInR5cCI6IkpXVCJ9.eyJzdWIiOiIxMzY2IiwiaWF0IjoxNzYxMTMxNzgwLCJleHAiOjE3NjM3MjM3ODB9.USkKJkpMvw5fbld05Tggz9ZiGbxP1gGd7E3n0xZkYWw
1372,user_1372_2115de,wf7nM3BbMNUrG4nG,user_1372_2115de@example.com,eyJhbGciOiJIUzI1NiIsInR5cCI6IkpXVCJ9.eyJzdWIiOiIxMzcyIiwiaWF0IjoxNzYxMTMxNzgxLCJleHAiOjE3NjM3MjM3ODF9.BiyQE5JzE1RYIlIZ6ZLSQE2L7A7FZT7D_zeJDWh_3Tg
1378,user_1378_f2a189,Dq-yG-ae9uweWljl,user_1378_f2a189@example.com,eyJhbGciOiJIUzI1NiIsInR5cCI6IkpXVCJ9.eyJzdWIiOiIxMzc4IiwiaWF0IjoxNzYxMTMxNzgxLCJleHAiOjE3NjM3MjM3ODF9.K2SFEwtAA-QvlWxQcswbWhkCU5v1xyLP60LKaDqNZ0I
1381,user_1381_53f5bb,7EuOQqua-2X0ZbvR,user_1381_53f5bb@example.com,eyJhbGciOiJIUzI1NiIsInR5cCI6IkpXVCJ9.eyJzdWIiOiIxMzgxIiwiaWF0IjoxNzYxMTMxNzgxLCJleHAiOjE3NjM3MjM3ODF9.Ex8NLcN3qjje9cMCXU4zbtlS-adbfx8uryzPQ9vAZ1s
1382,user_1382_e65f66,8e1tYpIXDlrcTkQI,user_1382_e65f66@example.com,eyJhbGciOiJIUzI1NiIsInR5cCI6IkpXVCJ9.eyJzdWIiOiIxMzgyIiwiaWF0IjoxNzYxMTMxNzgxLCJleHAiOjE3NjM3MjM3ODF9.5CQA76vBADK5-b-tY7sCGaVoblVVwSp6Z6pDDYNa_TY
1383,user_1383_7c3c60,nqlbjT-zEe2aLmtu,user_1383_7c3c60@example.com,eyJhbGciOiJIUzI1NiIsInR5cCI6IkpXVCJ9.eyJzdWIiOiIxMzgzIiwiaWF0IjoxNzYxMTMxNzgyLCJleHAiOjE3NjM3MjM3ODJ9.Glp0IEOuVKXWDf4aWZsxk4E2v403l-r6iauCjTM24Po
1389,user_1389_11bffe,3ephsfM-0PuHfynX,user_1389_11bffe@example.com,eyJhbGciOiJIUzI1NiIsInR5cCI6IkpXVCJ9.eyJzdWIiOiIxMzg5IiwiaWF0IjoxNzYxMTMxNzgyLCJleHAiOjE3NjM3MjM3ODJ9.D_z-2iQ1SxgDs0fj8R4YKQ71uZxa_imPYJCnMRlRZ_M
1399,user_1399_dec655,AHg3Z1Cwxbqqdc33,user_1399_dec655@example.com,eyJhbGciOiJIUzI1NiIsInR5cCI6IkpXVCJ9.eyJzdWIiOiIxMzk5IiwiaWF0IjoxNzYxMTMxNzgyLCJleHAiOjE3NjM3MjM3ODJ9.3brrj4kw5-6mgEeQLJodYctxp84lbhLUcJ0s1LZveOU
1405,user_1405_86af3b,BcsUbPWx0Z6FVclE,user_1405_86af3b@example.com,eyJhbGciOiJIUzI1NiIsInR5cCI6IkpXVCJ9.eyJzdWIiOiIxNDA1IiwiaWF0IjoxNzYxMTMxNzgzLCJleHAiOjE3NjM3MjM3ODN9.R7Y6dFKrgMCSuZ3GZVQNzZ-AapRI4urGBK3bKcyGc0Q
1412,user_1412_17d44b,-nmVzpUccg6LRbIH,user_1412_17d44b@example.com,eyJhbGciOiJIUzI1NiIsInR5cCI6IkpXVCJ9.eyJzdWIiOiIxNDEyIiwiaWF0IjoxNzYxMTMxNzgzLCJleHAiOjE3NjM3MjM3ODN9.q1RLvLK2DvFNijwWJKjMczA3D9OSdX-cvSQm9lpgfQw
1421,user_1421_bcf48e,SU-BXxYh1ZZaIkiq,user_1421_bcf48e@example.com,eyJhbGciOiJIUzI1NiIsInR5cCI6IkpXVCJ9.eyJzdWIiOiIxNDIxIiwiaWF0IjoxNzYxMTMxNzgzLCJleHAiOjE3NjM3MjM3ODN9.j4C_NePquJVS_7c7v6YS6YudH8_kncGXyWb3_GgwITE
1424,user_1424_42216f,WOGmbHA-M1RQDQz8,user_1424_42216f@example.com,eyJhbGciOiJIUzI1NiIsInR5cCI6IkpXVCJ9.eyJzdWIiOiIxNDI0IiwiaWF0IjoxNzYxMTMxNzgzLCJleHAiOjE3NjM3MjM3ODN9.EaYOxH7rDBAiVDyKiSXqgjYoN1YP01I84rcMo3Pzcfo
1425,user_1425_363b5f,QW1UC1Etdra9tBTE,user_1425_363b5f@example.com,eyJhbGciOiJIUzI1NiIsInR5cCI6IkpXVCJ9.eyJzdWIiOiIxNDI1IiwiaWF0IjoxNzYxMTMxNzg0LCJleHAiOjE3NjM3MjM3ODR9.pctnH7eWsrUDgEIms9dp5fwThW_Gh4fFz2kBo-9hwL4
1426,user_1426_adc737,L6ItLqtYPrjEwhTl,user_1426_adc737@example.com,eyJhbGciOiJIUzI1NiIsInR5cCI6IkpXVCJ9.eyJzdWIiOiIxNDI2IiwiaWF0IjoxNzYxMTMxNzg0LCJleHAiOjE3NjM3MjM3ODR9.rKwJxjrnzNrdpVHbVyruYKlQMiH0-HKtZ9c3IZ3wAOk
1429,user_1429_57357b,BjGpBQb4sYQ9liUn,user_1429_57357b@example.com,eyJhbGciOiJIUzI1NiIsInR5cCI6IkpXVCJ9.eyJzdWIiOiIxNDI5IiwiaWF0IjoxNzYxMTMxNzg0LCJleHAiOjE3NjM3MjM3ODR9.mo87M6na1BEHMtDCWKWNuPGWjPDF8gsgr6mh7h9l0vo
1430,user_1430_ccbe2f,OLPLZ0DLdh8CWUMR,user_1430_ccbe2f@example.com,eyJhbGciOiJIUzI1NiIsInR5cCI6IkpXVCJ9.eyJzdWIiOiIxNDMwIiwiaWF0IjoxNzYxMTMxNzg0LCJleHAiOjE3NjM3MjM3ODR9.QEPXEDEmmQIbzbs-kr-Js7MppFbOvNzrCRDjM6xr3Zk
1431,user_1431_7ca562,DbQ2TQfJt4ymmPx6,user_1431_7ca562@example.com,eyJhbGciOiJIUzI1NiIsInR5cCI6IkpXVCJ9.eyJzdWIiOiIxNDMxIiwiaWF0IjoxNzYxMTMxNzg1LCJleHAiOjE3NjM3MjM3ODV9.OgoA9bbAhKG0LEtzJjOhvD7DZ96vW92LCtDVKIpon-Q
1433,user_1433_30cd87,7jd9hUeBJ9GsND8V,user_1433_30cd87@example.com,eyJhbGciOiJIUzI1NiIsInR5cCI6IkpXVCJ9.eyJzdWIiOiIxNDMzIiwiaWF0IjoxNzYxMTMxNzg1LCJleHAiOjE3NjM3MjM3ODV9.dfZg-aEZY-zADVXl2XAQtWlUvEET7LRincfa-kv8GWM
1434,user_1434_c61dc8,0J41-aV4_6oVYAWn,user_1434_c61dc8@example.com,eyJhbGciOiJIUzI1NiIsInR5cCI6IkpXVCJ9.eyJzdWIiOiIxNDM0IiwiaWF0IjoxNzYxMTMxNzg1LCJleHAiOjE3NjM3MjM3ODV9.gCEWmVMH5aTkMMXhICPTl6O7rPLTBE0ZCyzeO8flV5k
1443,user_1443_59f234,iggMOxKmjqI0B1DD,user_1443_59f234@example.com,eyJhbGciOiJIUzI1NiIsInR5cCI6IkpXVCJ9.eyJzdWIiOiIxNDQzIiwiaWF0IjoxNzYxMTMxNzg2LCJleHAiOjE3NjM3MjM3ODZ9.NWRlxdah_IlvSeXhJc5cFQsg9bpQwibhTl9jrVQVX3I
1448,user_1448_bfb3bc,Luf5aqdUT3XP56-i,user_1448_bfb3bc@example.com,eyJhbGciOiJIUzI1NiIsInR5cCI6IkpXVCJ9.eyJzdWIiOiIxNDQ4IiwiaWF0IjoxNzYxMTMxNzg2LCJleHAiOjE3NjM3MjM3ODZ9.D4oBzbgJx_dSCbnC3SHCF94DuCVT9YMs1oWX7xpFVrU
1449,user_1449_79395c,Y_kVIWXFu-wiaXw9,user_1449_79395c@example.com,eyJhbGciOiJIUzI1NiIsInR5cCI6IkpXVCJ9.eyJzdWIiOiIxNDQ5IiwiaWF0IjoxNzYxMTMxNzg2LCJleHAiOjE3NjM3MjM3ODZ9.TwkyIHJMDtK9UTAOAnIjmXNOSlB822_81Kv0jc5koGg
1450,user_1450_504cb6,LJkdXU07wpIe1Nyu,user_1450_504cb6@example.com,eyJhbGciOiJIUzI1NiIsInR5cCI6IkpXVCJ9.eyJzdWIiOiIxNDUwIiwiaWF0IjoxNzYxMTMxNzg2LCJleHAiOjE3NjM3MjM3ODZ9.K6IrlZn7Jx1Zi6jtWQYGcMf6qRaRowf6bgdpcaGFwMg
1451,user_1451_1f0df9,yINg_7TmYZhstgHv,user_1451_1f0df9@example.com,eyJhbGciOiJIUzI1NiIsInR5cCI6IkpXVCJ9.eyJzdWIiOiIxNDUxIiwiaWF0IjoxNzYxMTMxNzg3LCJleHAiOjE3NjM3MjM3ODd9.36mdrXYhCcLDCbODFUH2aoK-8kAVVovez0Dy9wiktAc
1454,user_1454_d1345b,5plTVyJnBYS8HOPG,user_1454_d1345b@example.com,eyJhbGciOiJIUzI1NiIsInR5cCI6IkpXVCJ9.eyJzdWIiOiIxNDU0IiwiaWF0IjoxNzYxMTMxNzg3LCJleHAiOjE3NjM3MjM3ODd9.E_LKbYdBvIPBQBWESq6H5k2fAc9VH8_rc9EeKq8Ul7M
1457,user_1457_e08685,sCQhUtxTscoQs6aJ,user_1457_e08685@example.com,eyJhbGciOiJIUzI1NiIsInR5cCI6IkpXVCJ9.eyJzdWIiOiIxNDU3IiwiaWF0IjoxNzYxMTMxNzg3LCJleHAiOjE3NjM3MjM3ODd9.PBx0oFCKz745tYqXQsMQ1x5ZxS43esILvF64pEKp7rw
1463,user_1463_328248,4jvnXmh3TKQDeSAg,user_1463_328248@example.com,eyJhbGciOiJIUzI1NiIsInR5cCI6IkpXVCJ9.eyJzdWIiOiIxNDYzIiwiaWF0IjoxNzYxMTMxNzg3LCJleHAiOjE3NjM3MjM3ODd9.6DSb2KoVuaj-Ird47nmGNgrbrAyOvE_hIX4ut5H92yI
1465,user_1465_5c25ff,XpJQMcafIndLr6p5,user_1465_5c25ff@example.com,eyJhbGciOiJIUzI1NiIsInR5cCI6IkpXVCJ9.eyJzdWIiOiIxNDY1IiwiaWF0IjoxNzYxMTMxNzg4LCJleHAiOjE3NjM3MjM3ODh9.Gg8EgFrMzXO5Q45b8iMWR7Wn7dsvzA0MPLT7o1172Y8
1466,user_1466_cf720d,IOFYMHxJxzEBOc0c,user_1466_cf720d@example.com,eyJhbGciOiJIUzI1NiIsInR5cCI6IkpXVCJ9.eyJzdWIiOiIxNDY2IiwiaWF0IjoxNzYxMTMxNzg4LCJleHAiOjE3NjM3MjM3ODh9.ahfxccgPUUx2Elbrz5bmIycNwTl1WDTSPUdA3mFt41Q
1469,user_1469_387cee,mnH4NtIo7OODkfo3,user_1469_387cee@example.com,eyJhbGciOiJIUzI1NiIsInR5cCI6IkpXVCJ9.eyJzdWIiOiIxNDY5IiwiaWF0IjoxNzYxMTMxNzg4LCJleHAiOjE3NjM3MjM3ODh9.3PupkzA8IvSa7B5Rczhg0PqY0Xf3G3_R7RTY627O3vc
1478,user_1478_3f1895,XpiNSHDgz5G9V4_H,user_1478_3f1895@example.com,eyJhbGciOiJIUzI1NiIsInR5cCI6IkpXVCJ9.eyJzdWIiOiIxNDc4IiwiaWF0IjoxNzYxMTMxNzg5LCJleHAiOjE3NjM3MjM3ODl9.8ZZBitpciYJYu0s5SWVz3iX_szR0Rp39iR863vocjEc
1479,user_1479_107b29,9dJk0J_Sa43cyiJ2,user_1479_107b29@example.com,eyJhbGciOiJIUzI1NiIsInR5cCI6IkpXVCJ9.eyJzdWIiOiIxNDc5IiwiaWF0IjoxNzYxMTMxNzg5LCJleHAiOjE3NjM3MjM3ODl9.cU7jphVvYEaq4DJ-R1vnG3PpBrBN8EkzMlfjjyd6M00
1480,user_1480_7023b6,voJkQVgeQwoUVQEK,user_1480_7023b6@example.com,eyJhbGciOiJIUzI1NiIsInR5cCI6IkpXVCJ9.eyJzdWIiOiIxNDgwIiwiaWF0IjoxNzYxMTMxNzg5LCJleHAiOjE3NjM3MjM3ODl9.ACB8KZow788eNNoPmUNQVTlk9AfewdBcornE0edKPzQ
1483,user_1483_4dc2b1,-AD1E9a7T6hxL674,user_1483_4dc2b1@example.com,eyJhbGciOiJIUzI1NiIsInR5cCI6IkpXVCJ9.eyJzdWIiOiIxNDgzIiwiaWF0IjoxNzYxMTMxNzg5LCJleHAiOjE3NjM3MjM3ODl9.9kVjUTihpepneoiF_qm6bg-9ghVxSrZq8As90T5NMEs
1486,user_1486_fe598d,jJbLtS3UJ66BGpk7,user_1486_fe598d@example.com,eyJhbGciOiJIUzI1NiIsInR5cCI6IkpXVCJ9.eyJzdWIiOiIxNDg2IiwiaWF0IjoxNzYxMTMxNzkwLCJleHAiOjE3NjM3MjM3OTB9.5HjSZUmSJHhS_hl24mqnT_-c-jZMbrMoY6fQoDRnOMo
1494,user_1494_971e06,BlJR_Ai-IqjYP3_F,user_1494_971e06@example.com,eyJhbGciOiJIUzI1NiIsInR5cCI6IkpXVCJ9.eyJzdWIiOiIxNDk0IiwiaWF0IjoxNzYxMTMxNzkwLCJleHAiOjE3NjM3MjM3OTB9.ZS0gWTPtzYmWiJ95S0CtPMFJGfiThf0KdQvYDgkTfRw
1498,user_1498_ad3878,TDFMnj2fK4u2Nq9W,user_1498_ad3878@example.com,eyJhbGciOiJIUzI1NiIsInR5cCI6IkpXVCJ9.eyJzdWIiOiIxNDk4IiwiaWF0IjoxNzYxMTMxNzkwLCJleHAiOjE3NjM3MjM3OTB9.2wKqeOdtZSIahZ25fckygPsk5pkbvhvX3w2Gt9C_cTg
1500,user_1500_509b61,KZr74Dp-ehOGmwXT,user_1500_509b61@example.com,eyJhbGciOiJIUzI1NiIsInR5cCI6IkpXVCJ9.eyJzdWIiOiIxNTAwIiwiaWF0IjoxNzYxMTMxNzkwLCJleHAiOjE3NjM3MjM3OTB9.yOVTHuid-J3OoGS2IX_cNnLUiNl6JADXGCTcRYrQO3Q
1508,user_1508_909f9c,88BdxfWqYOAlP8iH,user_1508_909f9c@example.com,eyJhbGciOiJIUzI1NiIsInR5cCI6IkpXVCJ9.eyJzdWIiOiIxNTA4IiwiaWF0IjoxNzYxMTMxNzkxLCJleHAiOjE3NjM3MjM3OTF9.XFD4l18rTpSakBOMKJi9NxCdn7aLd8PsJON1YFq0TlU
1514,user_1514_02bdc2,OU9p-8Hhyp6rGUj7,user_1514_02bdc2@example.com,eyJhbGciOiJIUzI1NiIsInR5cCI6IkpXVCJ9.eyJzdWIiOiIxNTE0IiwiaWF0IjoxNzYxMTMxNzkxLCJleHAiOjE3NjM3MjM3OTF9.R-k6mr1c6w_B9xuRVa0NH17WkyxIVn63eAdn3SvP4UQ
1515,user_1515_f6ab16,M9gQAVMgDVwkkHV-,user_1515_f6ab16@example.com,eyJhbGciOiJIUzI1NiIsInR5cCI6IkpXVCJ9.eyJzdWIiOiIxNTE1IiwiaWF0IjoxNzYxMTMxNzkxLCJleHAiOjE3NjM3MjM3OTF9.Rx4AjuJxl_EigGf-noHSRA9KzwaQng5mj6UleYdH-jY
1517,user_1517_19c765,EHscgU0J2jR3Xlz6,user_1517_19c765@example.com,eyJhbGciOiJIUzI1NiIsInR5cCI6IkpXVCJ9.eyJzdWIiOiIxNTE3IiwiaWF0IjoxNzYxMTMxNzkxLCJleHAiOjE3NjM3MjM3OTF9.vXkK56DHdtT2ufPzKXWN5gJBO9rFzbTdHBj6KsJZDak
1519,user_1519_262135,qQdgbsGWUCm5HpAo,user_1519_262135@example.com,eyJhbGciOiJIUzI1NiIsInR5cCI6IkpXVCJ9.eyJzdWIiOiIxNTE5IiwiaWF0IjoxNzYxMTMxNzkyLCJleHAiOjE3NjM3MjM3OTJ9.OjdX7BYl_GZHUIcPPBl2IC11FgnJpHQMiC4pJgKrh_c
1522,user_1522_e470ac,V6bOeQeI8gu1aBjp,user_1522_e470ac@example.com,eyJhbGciOiJIUzI1NiIsInR5cCI6IkpXVCJ9.eyJzdWIiOiIxNTIyIiwiaWF0IjoxNzYxMTMxNzkyLCJleHAiOjE3NjM3MjM3OTJ9.bLpfEsgA-jsYDd6GEZdiVAn1pTo16-oeW0jFnmQghmI
1523,user_1523_a09cc0,K6C7GD4xShAqWy9o,user_1523_a09cc0@example.com,eyJhbGciOiJIUzI1NiIsInR5cCI6IkpXVCJ9.eyJzdWIiOiIxNTIzIiwiaWF0IjoxNzYxMTMxNzkyLCJleHAiOjE3NjM3MjM3OTJ9.0_Dnl4DjFSLacCVl1RFKoSGuvtl513a9ipM645jTwcQ
1526,user_1526_3af6e4,-6aQlMWzK_ixe1t3,user_1526_3af6e4@example.com,eyJhbGciOiJIUzI1NiIsInR5cCI6IkpXVCJ9.eyJzdWIiOiIxNTI2IiwiaWF0IjoxNzYxMTMxNzkzLCJleHAiOjE3NjM3MjM3OTN9.9SaTAnPi2MjUn5r57hessgcwDxc0jkXFn5pec6r8gL4
1527,user_1527_262930,cnx5wOAxAhskWR3s,user_1527_262930@example.com,eyJhbGciOiJIUzI1NiIsInR5cCI6IkpXVCJ9.eyJzdWIiOiIxNTI3IiwiaWF0IjoxNzYxMTMxNzkzLCJleHAiOjE3NjM3MjM3OTN9.e4g5wdndnn1DvZO2cwYZEJ7_oAmKqWLF8nph53ffeig
1528,user_1528_5c822b,8yY5QVGVYi7YfX2w,user_1528_5c822b@example.com,eyJhbGciOiJIUzI1NiIsInR5cCI6IkpXVCJ9.eyJzdWIiOiIxNTI4IiwiaWF0IjoxNzYxMTMxNzkzLCJleHAiOjE3NjM3MjM3OTN9.nU70j8Vidw4Zv3YN1XCTtIUSYAOAmp3kNq3ONJIqw3s
1529,user_1529_01bccb,EjjkAPaGQAWx-Vku,user_1529_01bccb@example.com,eyJhbGciOiJIUzI1NiIsInR5cCI6IkpXVCJ9.eyJzdWIiOiIxNTI5IiwiaWF0IjoxNzYxMTMxNzkzLCJleHAiOjE3NjM3MjM3OTN9.DmZx06Hajbk08rSHmpSWWwPtS6Ep4OTWlfV2LFcL20I
1534,user_1534_41115c,mCwG81P8yjBK6Mwr,user_1534_41115c@example.com,eyJhbGciOiJIUzI1NiIsInR5cCI6IkpXVCJ9.eyJzdWIiOiIxNTM0IiwiaWF0IjoxNzYxMTMxNzk0LCJleHAiOjE3NjM3MjM3OTR9.SJ2GkUFA_mcZq2TyDcJCuPp1UyFpxzQwQ4f-hfxklpA
1535,user_1535_2b51d2,XO96rc1NM-7yFSN0,user_1535_2b51d2@example.com,eyJhbGciOiJIUzI1NiIsInR5cCI6IkpXVCJ9.eyJzdWIiOiIxNTM1IiwiaWF0IjoxNzYxMTMxNzk0LCJleHAiOjE3NjM3MjM3OTR9.uNKkxUKMvRZOYxiK1_fdWEiSd9KwUXvCV6bVThXzIxw
1536,user_1536_711a9c,LSZn0r2X4ZWcAEWr,user_1536_711a9c@example.com,eyJhbGciOiJIUzI1NiIsInR5cCI6IkpXVCJ9.eyJzdWIiOiIxNTM2IiwiaWF0IjoxNzYxMTMxNzk0LCJleHAiOjE3NjM3MjM3OTR9.iTw4ylTNtKjq12up6jfauuyTEebxU4vN2hoIQ2VHoGk
1540,user_1540_8da3ad,4IbHVFFCZ2KQsjox,user_1540_8da3ad@example.com,eyJhbGciOiJIUzI1NiIsInR5cCI6IkpXVCJ9.eyJzdWIiOiIxNTQwIiwiaWF0IjoxNzYxMTMxNzk0LCJleHAiOjE3NjM3MjM3OTR9.pcNwp_aDgaH9KEX86LTjdZErjsaMHHP6l7NIAL6LcqY
1542,user_1542_382e52,iDxBDXxgbGBVnZ6o,user_1542_382e52@example.com,eyJhbGciOiJIUzI1NiIsInR5cCI6IkpXVCJ9.eyJzdWIiOiIxNTQyIiwiaWF0IjoxNzYxMTMxNzk1LCJleHAiOjE3NjM3MjM3OTV9.kB84lzQUJusKS2HJ3GAhY-2vLq59dH9V3BMHDo3NFzs
1543,user_1543_dcf4d8,84ayjSf4CJXEeJhy,user_1543_dcf4d8@example.com,eyJhbGciOiJIUzI1NiIsInR5cCI6IkpXVCJ9.eyJzdWIiOiIxNTQzIiwiaWF0IjoxNzYxMTMxNzk1LCJleHAiOjE3NjM3MjM3OTV9.mgFnNYGS8kPDjfPSQC_XeQa2_KFwEKor8eM4K8VVMaI
1544,user_1544_3665cb,S5TFtYTRsFQ_GBob,user_1544_3665cb@example.com,eyJhbGciOiJIUzI1NiIsInR5cCI6IkpXVCJ9.eyJzdWIiOiIxNTQ0IiwiaWF0IjoxNzYxMTMxNzk1LCJleHAiOjE3NjM3MjM3OTV9.bMuFSc__2fKALC2PwbG5X2d6KkaVuDzvR9n_v8fdJLw
1546,user_1546_de3b0e,gm0QcpHQ2_x6zzVG,user_1546_de3b0e@example.com,eyJhbGciOiJIUzI1NiIsInR5cCI6IkpXVCJ9.eyJzdWIiOiIxNTQ2IiwiaWF0IjoxNzYxMTMxNzk2LCJleHAiOjE3NjM3MjM3OTZ9.8E-_uigL8u0psP-gcC3QKvaX4Slwsr6DlENaI_GRLmE
1549,user_1549_cd568d,9GbIxrPaIZuvIGIu,user_1549_cd568d@example.com,eyJhbGciOiJIUzI1NiIsInR5cCI6IkpXVCJ9.eyJzdWIiOiIxNTQ5IiwiaWF0IjoxNzYxMTMxNzk2LCJleHAiOjE3NjM3MjM3OTZ9.masp9ICNZS2L9zzLaGg4RIeT7TDyoz60nQ8C_a0bzrI
1552,user_1552_667bc5,GyPmLj1TXsex4ni-,user_1552_667bc5@example.com,eyJhbGciOiJIUzI1NiIsInR5cCI6IkpXVCJ9.eyJzdWIiOiIxNTUyIiwiaWF0IjoxNzYxMTMxNzk2LCJleHAiOjE3NjM3MjM3OTZ9.2GTVnEOoRgyGDjOmoty8AhycF3-N__hMxvNai0ScF0s
1555,user_1555_5ecba0,kEj-2AS8chyioxlm,user_1555_5ecba0@example.com,eyJhbGciOiJIUzI1NiIsInR5cCI6IkpXVCJ9.eyJzdWIiOiIxNTU1IiwiaWF0IjoxNzYxMTMxNzk2LCJleHAiOjE3NjM3MjM3OTZ9.rc4YXVYV9RvHdFjkVSACWc3TScBRb3awb-80YXSWiVk
1559,user_1559_2644e7,XkYcaevYlx6qsja7,user_1559_2644e7@example.com,eyJhbGciOiJIUzI1NiIsInR5cCI6IkpXVCJ9.eyJzdWIiOiIxNTU5IiwiaWF0IjoxNzYxMTMxNzk3LCJleHAiOjE3NjM3MjM3OTd9.Ul9ff8cgN5zbKWfeVB94LHKcuXisL6v6nOUcLMntC08
1571,user_1571_68675c,gGij8Hg5l8owy__z,user_1571_68675c@example.com,eyJhbGciOiJIUzI1NiIsInR5cCI6IkpXVCJ9.eyJzdWIiOiIxNTcxIiwiaWF0IjoxNzYxMTMxNzk3LCJleHAiOjE3NjM3MjM3OTd9.PCDQh_EwCEhmuitELYytJ4e_9rY-V16SlvYlZOfYZGc
1573,user_1573_895114,TPabkl8Zs1ngaVg7,user_1573_895114@example.com,eyJhbGciOiJIUzI1NiIsInR5cCI6IkpXVCJ9.eyJzdWIiOiIxNTczIiwiaWF0IjoxNzYxMTMxNzk3LCJleHAiOjE3NjM3MjM3OTd9.Oz0cT70LVlulyISH7pN5QxRjJ-l8TCHsRuQpzaLp76k
1577,user_1577_cde5b8,pftsh1YJ5FQO4DeJ,user_1577_cde5b8@example.com,eyJhbGciOiJIUzI1NiIsInR5cCI6IkpXVCJ9.eyJzdWIiOiIxNTc3IiwiaWF0IjoxNzYxMTMxNzk4LCJleHAiOjE3NjM3MjM3OTh9.DSHBp6S6LZIq6MV-AtVqVsaiQ4fM1Pgzd1HhkN9gkK4
1589,user_1589_0908de,inPPGF-atzowdGQ9,user_1589_0908de@example.com,eyJhbGciOiJIUzI1NiIsInR5cCI6IkpXVCJ9.eyJzdWIiOiIxNTg5IiwiaWF0IjoxNzYxMTMxNzk4LCJleHAiOjE3NjM3MjM3OTh9.D4b3RJp13kKWM4lXdckepa6-g5_-zdV24iKai1WGnDk
1590,user_1590_887c3c,f3sN6zysjYUZWgFs,user_1590_887c3c@example.com,eyJhbGciOiJIUzI1NiIsInR5cCI6IkpXVCJ9.eyJzdWIiOiIxNTkwIiwiaWF0IjoxNzYxMTMxNzk4LCJleHAiOjE3NjM3MjM3OTh9.mIxEYWbsl_ue4reZjLLBHqUAaVvHFioO4joIEDTDWjA
1592,user_1592_8532ee,2H65XykH2g18FcqN,user_1592_8532ee@example.com,eyJhbGciOiJIUzI1NiIsInR5cCI6IkpXVCJ9.eyJzdWIiOiIxNTkyIiwiaWF0IjoxNzYxMTMxNzk4LCJleHAiOjE3NjM3MjM3OTh9.KUaixg31FH7UYmwD_-J5U2013DOLyhYg7awy1HyHxRk
1594,user_1594_ab9b27,FHsw9PD3MnwN_R0a,user_1594_ab9b27@example.com,eyJhbGciOiJIUzI1NiIsInR5cCI6IkpXVCJ9.eyJzdWIiOiIxNTk0IiwiaWF0IjoxNzYxMTMxNzk5LCJleHAiOjE3NjM3MjM3OTl9.1hFS-Y8S6q8esRq3pxcl9k8FYuxLQniRmOeangtjAuc
1595,user_1595_cc1acf,EhyXdKEQCwDg_nIO,user_1595_cc1acf@example.com,eyJhbGciOiJIUzI1NiIsInR5cCI6IkpXVCJ9.eyJzdWIiOiIxNTk1IiwiaWF0IjoxNzYxMTMxNzk5LCJleHAiOjE3NjM3MjM3OTl9.3EPeHuyhDSqRNsL8-mpy3pc6PwKExHaOQtBffIhf5qA
1596,user_1596_4e9a86,clSHXOBr0gOVGiCl,user_1596_4e9a86@example.com,eyJhbGciOiJIUzI1NiIsInR5cCI6IkpXVCJ9.eyJzdWIiOiIxNTk2IiwiaWF0IjoxNzYxMTMxNzk5LCJleHAiOjE3NjM3MjM3OTl9.Yt4y0tEAN3JqthvQCkDZ5DyHq-FuKwXwfudxzPtSFcg
1598,user_1598_28a99a,CzQh88awqqumL1yJ,user_1598_28a99a@example.com,eyJhbGciOiJIUzI1NiIsInR5cCI6IkpXVCJ9.eyJzdWIiOiIxNTk4IiwiaWF0IjoxNzYxMTMxNzk5LCJleHAiOjE3NjM3MjM3OTl9.9Frj_Yy3qMUAJqD4JF3IpZve3i7rLd3PNeVv28lKONA
1600,user_1600_9e6242,5yIi0TCuQWy_v4Ev,user_1600_9e6242@example.com,eyJhbGciOiJIUzI1NiIsInR5cCI6IkpXVCJ9.eyJzdWIiOiIxNjAwIiwiaWF0IjoxNzYxMTMxODAwLCJleHAiOjE3NjM3MjM4MDB9.jhEukIKJccAQFv4xVIhFHwKKaazRCEsZOWQeyDVykjA
1603,user_1603_97f6b9,zV_kAO4jIzdnqKc4,user_1603_97f6b9@example.com,eyJhbGciOiJIUzI1NiIsInR5cCI6IkpXVCJ9.eyJzdWIiOiIxNjAzIiwiaWF0IjoxNzYxMTMxODAwLCJleHAiOjE3NjM3MjM4MDB9.XAML8XjcjrtrV8Esey6G3l20UXQjgAJO2ZWyCvGPd30
1604,user_1604_ade698,YVPQbZLtteWG-5a3,user_1604_ade698@example.com,eyJhbGciOiJIUzI1NiIsInR5cCI6IkpXVCJ9.eyJzdWIiOiIxNjA0IiwiaWF0IjoxNzYxMTMxODAwLCJleHAiOjE3NjM3MjM4MDB9.wPUFoZKEPrLevk5aX4GsjiQ8UTdiHoSsLR9oIBlKDzM
1619,user_1619_246f9e,Q8ydZhu-NMrr-Ckf,user_1619_246f9e@example.com,eyJhbGciOiJIUzI1NiIsInR5cCI6IkpXVCJ9.eyJzdWIiOiIxNjE5IiwiaWF0IjoxNzYxMTMxODAwLCJleHAiOjE3NjM3MjM4MDB9.7aeW6okIpsoOG_ka_04lGNWdiLXwzoGLS7mxM96yKyM
1621,user_1621_aecefc,PkzoSLxoRYi8iO0k,user_1621_aecefc@example.com,eyJhbGciOiJIUzI1NiIsInR5cCI6IkpXVCJ9.eyJzdWIiOiIxNjIxIiwiaWF0IjoxNzYxMTMxODAxLCJleHAiOjE3NjM3MjM4MDF9.W3ZeIsKqBsvf_RVCkAF0JSNoxssHFk0uwLpmIHQ1Uag
1623,user_1623_00aee4,TA_xJy5W1BP-giWC,user_1623_00aee4@example.com,eyJhbGciOiJIUzI1NiIsInR5cCI6IkpXVCJ9.eyJzdWIiOiIxNjIzIiwiaWF0IjoxNzYxMTMxODAxLCJleHAiOjE3NjM3MjM4MDF9.QWynKBFCj5du9mfZD8uclj0JT_w6o1ud3HLIWgzp6tM
1626,user_1626_403e95,_KzQNd-s9bLMED48,user_1626_403e95@example.com,eyJhbGciOiJIUzI1NiIsInR5cCI6IkpXVCJ9.eyJzdWIiOiIxNjI2IiwiaWF0IjoxNzYxMTMxODAxLCJleHAiOjE3NjM3MjM4MDF9.dNime_DSEmdnzn7h7TeItli2uFbB3Z3gF6_3cfrf-v4
1635,user_1635_6f67a7,TbYL5r0rnphC5KNT,user_1635_6f67a7@example.com,eyJhbGciOiJIUzI1NiIsInR5cCI6IkpXVCJ9.eyJzdWIiOiIxNjM1IiwiaWF0IjoxNzYxMTMxODAyLCJleHAiOjE3NjM3MjM4MDJ9.ayoFfNCo0jaBcwhjzcmjYISsXyReqvj9yzB6OHldbrQ
1636,user_1636_49a003,O3vJMPFJapjkW2F4,user_1636_49a003@example.com,eyJhbGciOiJIUzI1NiIsInR5cCI6IkpXVCJ9.eyJzdWIiOiIxNjM2IiwiaWF0IjoxNzYxMTMxODAyLCJleHAiOjE3NjM3MjM4MDJ9.HAm6N2_12xAoJv_MWWVEERVO3Q7rKWiA-zbOtGea_NU
1644,user_1644_33d451,JkPHlDoX_hcyZT7V,user_1644_33d451@example.com,eyJhbGciOiJIUzI1NiIsInR5cCI6IkpXVCJ9.eyJzdWIiOiIxNjQ0IiwiaWF0IjoxNzYxMTMxODAyLCJleHAiOjE3NjM3MjM4MDJ9.Rk7i-heeyyBQZM8KBS2sAtfRyCU1Xp1m_SvZ-Bn115A
1645,user_1645_bd32c2,8_WhR4m3_2c686V-,user_1645_bd32c2@example.com,eyJhbGciOiJIUzI1NiIsInR5cCI6IkpXVCJ9.eyJzdWIiOiIxNjQ1IiwiaWF0IjoxNzYxMTMxODAyLCJleHAiOjE3NjM3MjM4MDJ9.AZyBuGmYVw3plH9LFOIC0be934VE3S0wh-Y8JX7LyC4
1650,user_1650_ebb94e,M_mFr7B7wFM7e4-z,user_1650_ebb94e@example.com,eyJhbGciOiJIUzI1NiIsInR5cCI6IkpXVCJ9.eyJzdWIiOiIxNjUwIiwiaWF0IjoxNzYxMTMxODAzLCJleHAiOjE3NjM3MjM4MDN9.vp5Qt67MuWeWYR4icbzKDmWqS4qMNaHhhveMVB2pitY
1651,user_1651_5e7bfb,JT8NAWVmhhIwwJhz,user_1651_5e7bfb@example.com,eyJhbGciOiJIUzI1NiIsInR5cCI6IkpXVCJ9.eyJzdWIiOiIxNjUxIiwiaWF0IjoxNzYxMTMxODAzLCJleHAiOjE3NjM3MjM4MDN9.jLpoQm-MlugpgpCZ9kN7pr5ctaP8OxXSo0DOONMSO-g
1653,user_1653_14af25,Ut8zCIeAZQIdqqld,user_1653_14af25@example.com,eyJhbGciOiJIUzI1NiIsInR5cCI6IkpXVCJ9.eyJzdWIiOiIxNjUzIiwiaWF0IjoxNzYxMTMxODAzLCJleHAiOjE3NjM3MjM4MDN9.JA75U6CNkZKbdhXXuv3g9_430usKOoCjtRYJb0WdNgY
1663,user_1663_890159,Y1s6_2lVjORYtJhN,user_1663_890159@example.com,eyJhbGciOiJIUzI1NiIsInR5cCI6IkpXVCJ9.eyJzdWIiOiIxNjYzIiwiaWF0IjoxNzYxMTMxODAzLCJleHAiOjE3NjM3MjM4MDN9.lgjb4EhfTXc5SHqruP8KRX07teVJALsZpAwgvNOxNE0
1678,user_1678_adb179,cSq_IsbkXGIsxkjH,user_1678_adb179@example.com,eyJhbGciOiJIUzI1NiIsInR5cCI6IkpXVCJ9.eyJzdWIiOiIxNjc4IiwiaWF0IjoxNzYxMTMxODA0LCJleHAiOjE3NjM3MjM4MDR9.Y84acnYLoQiyCQxe4I6iv3lEcAkXEgcvVPqkYh7B6Xg
1679,user_1679_9028aa,ZtwgmwdpXF3gjMnY,user_1679_9028aa@example.com,eyJhbGciOiJIUzI1NiIsInR5cCI6IkpXVCJ9.eyJzdWIiOiIxNjc5IiwiaWF0IjoxNzYxMTMxODA0LCJleHAiOjE3NjM3MjM4MDR9.Ni1a1Qy2K7oshngOgp9CvUZc2intgOJUWEbuRCbJchA
1680,user_1680_4635fc,bDNP2agausP2YwdV,user_1680_4635fc@example.com,eyJhbGciOiJIUzI1NiIsInR5cCI6IkpXVCJ9.eyJzdWIiOiIxNjgwIiwiaWF0IjoxNzYxMTMxODA0LCJleHAiOjE3NjM3MjM4MDR9.ErdPBcpLKVJ3LDE4n0u_nFeXhKsOk2NFa3vccsnay3I
1689,user_1689_902b85,W95a5g6KTrU2k286,user_1689_902b85@example.com,eyJhbGciOiJIUzI1NiIsInR5cCI6IkpXVCJ9.eyJzdWIiOiIxNjg5IiwiaWF0IjoxNzYxMTMxODA1LCJleHAiOjE3NjM3MjM4MDV9.nGcll4Hhs0rWXzJC9os2tmGtza4TJGquG3tZ1jMDYWw
1690,user_1690_5d948c,SUrLTSuuUZXDjZBx,user_1690_5d948c@example.com,eyJhbGciOiJIUzI1NiIsInR5cCI6IkpXVCJ9.eyJzdWIiOiIxNjkwIiwiaWF0IjoxNzYxMTMxODA1LCJleHAiOjE3NjM3MjM4MDV9.u_tJ-p6tY_MtMOUWPZ2r-gY4LUwcA5h4fI6l-ZjAt34
1695,user_1695_218041,093IxRBPIkJhbOIf,user_1695_218041@example.com,eyJhbGciOiJIUzI1NiIsInR5cCI6IkpXVCJ9.eyJzdWIiOiIxNjk1IiwiaWF0IjoxNzYxMTMxODA1LCJleHAiOjE3NjM3MjM4MDV9.peJhWOjjtY2YtkCp1Lb8hYxRyNeaJZZsVWFy4K_SZ5A
1697,user_1697_f48081,ewoXGBfuGe87cGHj,user_1697_f48081@example.com,eyJhbGciOiJIUzI1NiIsInR5cCI6IkpXVCJ9.eyJzdWIiOiIxNjk3IiwiaWF0IjoxNzYxMTMxODA1LCJleHAiOjE3NjM3MjM4MDV9.fe7BQ8bKlttw_LsP7qFjzEw7oWIi6hOUnJ0wV_V4rKM
1705,user_1705_e0df01,sIgFNMDJ9iN9RHwS,user_1705_e0df01@example.com,eyJhbGciOiJIUzI1NiIsInR5cCI6IkpXVCJ9.eyJzdWIiOiIxNzA1IiwiaWF0IjoxNzYxMTMxODA2LCJleHAiOjE3NjM3MjM4MDZ9.9tlhJoJ4M8u0KqJIZjqFOhkihEkO7z28z3JVb7nef0o
1708,user_1708_68b87d,kc76zkDV2dUcebWF,user_1708_68b87d@example.com,eyJhbGciOiJIUzI1NiIsInR5cCI6IkpXVCJ9.eyJzdWIiOiIxNzA4IiwiaWF0IjoxNzYxMTMxODA2LCJleHAiOjE3NjM3MjM4MDZ9.vbtYVL0F1KChcp8At_og-7EOz3y7dqN9G5Js3GePgzg
1711,user_1711_4f2b0d,N872bvVAT6nqquzK,user_1711_4f2b0d@example.com,eyJhbGciOiJIUzI1NiIsInR5cCI6IkpXVCJ9.eyJzdWIiOiIxNzExIiwiaWF0IjoxNzYxMTMxODA2LCJleHAiOjE3NjM3MjM4MDZ9.54FNj9V-K6WeAq55DFUJu9GI6fHnYGqckwFlXZoz5jA
1713,user_1713_7c7bdf,GH6y_L1qvTaZbEs3,user_1713_7c7bdf@example.com,eyJhbGciOiJIUzI1NiIsInR5cCI6IkpXVCJ9.eyJzdWIiOiIxNzEzIiwiaWF0IjoxNzYxMTMxODA2LCJleHAiOjE3NjM3MjM4MDZ9.mXsGz0_OXOGdCXDIjEwG6m_0BFDfFRoTdLLVkhYmc9s
1716,user_1716_4a6314,fKjHC9RGI9pP_wmR,user_1716_4a6314@example.com,eyJhbGciOiJIUzI1NiIsInR5cCI6IkpXVCJ9.eyJzdWIiOiIxNzE2IiwiaWF0IjoxNzYxMTMxODA3LCJleHAiOjE3NjM3MjM4MDd9.m2Or9DMLKj95gs4D_VOLrsflcRN9hPTaHIyW0ghXE2M
1717,user_1717_ea1079,j-jtEYAAAvvMIuVV,user_1717_ea1079@example.com,eyJhbGciOiJIUzI1NiIsInR5cCI6IkpXVCJ9.eyJzdWIiOiIxNzE3IiwiaWF0IjoxNzYxMTMxODA3LCJleHAiOjE3NjM3MjM4MDd9.zSjc3J_hyCip5fgmX_dYaNenXt4vLRVmi94N8c1WUQg
1721,user_1721_d370b2,s5F-2tbE5EZNQvsB,user_1721_d370b2@example.com,eyJhbGciOiJIUzI1NiIsInR5cCI6IkpXVCJ9.eyJzdWIiOiIxNzIxIiwiaWF0IjoxNzYxMTMxODA3LCJleHAiOjE3NjM3MjM4MDd9.A59hyq09jr1GPq0OSrBh5uZXa0ruokxnhTCCvfpmHVE
1737,user_1737_9315f5,Lu6PvjGqGSL26zIQ,user_1737_9315f5@example.com,eyJhbGciOiJIUzI1NiIsInR5cCI6IkpXVCJ9.eyJzdWIiOiIxNzM3IiwiaWF0IjoxNzYxMTMxODA4LCJleHAiOjE3NjM3MjM4MDh9.uZRP9MuPiG_gpqbHMecdXvX1Kt0mOpZWK4hsZI1N5lQ
1738,user_1738_6e47c8,Gm_O6192rH9aOqEi,user_1738_6e47c8@example.com,eyJhbGciOiJIUzI1NiIsInR5cCI6IkpXVCJ9.eyJzdWIiOiIxNzM4IiwiaWF0IjoxNzYxMTMxODA4LCJleHAiOjE3NjM3MjM4MDh9.AgzH9HsGSDLDDwWtkJSWVTmnG5ZElTBu5Zc6RUMO1Ec
1740,user_1740_2a697e,xh2cv5IusRJlzlsD,user_1740_2a697e@example.com,eyJhbGciOiJIUzI1NiIsInR5cCI6IkpXVCJ9.eyJzdWIiOiIxNzQwIiwiaWF0IjoxNzYxMTMxODA4LCJleHAiOjE3NjM3MjM4MDh9.qBLGeo-tpksWSOQphMFPoJdovi04qRWCmKoCP74jSV0
1741,user_1741_c2eee3,YGwEVJ2svexIEVrg,user_1741_c2eee3@example.com,eyJhbGciOiJIUzI1NiIsInR5cCI6IkpXVCJ9.eyJzdWIiOiIxNzQxIiwiaWF0IjoxNzYxMTMxODA4LCJleHAiOjE3NjM3MjM4MDh9.GV7w5ko9BJ8leO-OMF3Um0hbsv-QY37H0Gr-OcCIUjA
1747,user_1747_91e70a,yxzKWz2Yic8MT9xl,user_1747_91e70a@example.com,eyJhbGciOiJIUzI1NiIsInR5cCI6IkpXVCJ9.eyJzdWIiOiIxNzQ3IiwiaWF0IjoxNzYxMTMxODA5LCJleHAiOjE3NjM3MjM4MDl9.2c4KUbfSQoRkXK1QYOcgC4D4WSYQ5M98Qb2YRwfHeZM
1751,user_1751_d0ac7d,2r7MaR5FZ8iShNtX,user_1751_d0ac7d@example.com,eyJhbGciOiJIUzI1NiIsInR5cCI6IkpXVCJ9.eyJzdWIiOiIxNzUxIiwiaWF0IjoxNzYxMTMxODA5LCJleHAiOjE3NjM3MjM4MDl9.0dQo1vQT22YxIk_tqGhDEsnkWIIXIesMJXiaWUM2ijI
1761,user_1761_487efe,ie-0kzMYIKdzAtIn,user_1761_487efe@example.com,eyJhbGciOiJIUzI1NiIsInR5cCI6IkpXVCJ9.eyJzdWIiOiIxNzYxIiwiaWF0IjoxNzYxMTMxODA5LCJleHAiOjE3NjM3MjM4MDl9.BV0qEK1j1wsFs1rf8j9MyHqE0Lq2MiLxWTNnGdf_ufM
1766,user_1766_cce4cf,eTi9c2oXfL2hSaAN,user_1766_cce4cf@example.com,eyJhbGciOiJIUzI1NiIsInR5cCI6IkpXVCJ9.eyJzdWIiOiIxNzY2IiwiaWF0IjoxNzYxMTMxODA5LCJleHAiOjE3NjM3MjM4MDl9.4B2koiKwD_ieH3VtdbwMDHjwF-ldRZJ1FHgx2Ff7ocE
1774,user_1774_70e2d3,RQTCOwtuAezMRvEf,user_1774_70e2d3@example.com,eyJhbGciOiJIUzI1NiIsInR5cCI6IkpXVCJ9.eyJzdWIiOiIxNzc0IiwiaWF0IjoxNzYxMTMxODEwLCJleHAiOjE3NjM3MjM4MTB9.YPLDtGDSM7FcWKlK4pTr9o4OGvwpxONIZ0ja079nifY
1775,user_1775_3d05c2,V-KVFzfcprem6RvB,user_1775_3d05c2@example.com,eyJhbGciOiJIUzI1NiIsInR5cCI6IkpXVCJ9.eyJzdWIiOiIxNzc1IiwiaWF0IjoxNzYxMTMxODEwLCJleHAiOjE3NjM3MjM4MTB9.8uAjrDTYbJXICubWYWI-A5hBLLm_k8GkQNu44A_GoVI
1779,user_1779_5f1054,GQWkqaS4O5kehMkE,user_1779_5f1054@example.com,eyJhbGciOiJIUzI1NiIsInR5cCI6IkpXVCJ9.eyJzdWIiOiIxNzc5IiwiaWF0IjoxNzYxMTMxODEwLCJleHAiOjE3NjM3MjM4MTB9.xAdUQ5u2MC5m3TMt57SgjfJrOf6bQ4G1_WCbQMCd7wM
1781,user_1781_18f4a1,0w5N3nxffycJpLxQ,user_1781_18f4a1@example.com,eyJhbGciOiJIUzI1NiIsInR5cCI6IkpXVCJ9.eyJzdWIiOiIxNzgxIiwiaWF0IjoxNzYxMTMxODExLCJleHAiOjE3NjM3MjM4MTF9.uZ8IPp5_pOksakdcPFmxP_Fi3cUWshRSemvA8J_Qc_A
1787,user_1787_2936a8,mgvX3_AsHlwy9MMg,user_1787_2936a8@example.com,eyJhbGciOiJIUzI1NiIsInR5cCI6IkpXVCJ9.eyJzdWIiOiIxNzg3IiwiaWF0IjoxNzYxMTMxODExLCJleHAiOjE3NjM3MjM4MTF9.lmVB5B_jmFA-Mw33WnJOO35N-hvxxHoPoSgVuptYswc
1789,user_1789_9c998d,TM3SqUnAF_FV52IU,user_1789_9c998d@example.com,eyJhbGciOiJIUzI1NiIsInR5cCI6IkpXVCJ9.eyJzdWIiOiIxNzg5IiwiaWF0IjoxNzYxMTMxODExLCJleHAiOjE3NjM3MjM4MTF9.P45mg0xzJD14G4lt7cOPattbFpq0w3DuZoGlmi6qV00
1794,user_1794_ad6d1c,7GQkgsPJOoQVdCQT,user_1794_ad6d1c@example.com,eyJhbGciOiJIUzI1NiIsInR5cCI6IkpXVCJ9.eyJzdWIiOiIxNzk0IiwiaWF0IjoxNzYxMTMxODExLCJleHAiOjE3NjM3MjM4MTF9.7COOvG-Y2WW8rVVhn35xypd_MbMebl42hlsHEnesHDo
1797,user_1797_006498,A7azrCTSLg1EyIAX,user_1797_006498@example.com,eyJhbGciOiJIUzI1NiIsInR5cCI6IkpXVCJ9.eyJzdWIiOiIxNzk3IiwiaWF0IjoxNzYxMTMxODEyLCJleHAiOjE3NjM3MjM4MTJ9.dtwEsIsgiHz2KaG1JEqxPkt-VGgmgUbCO6YNHSQ3lPE
1798,user_1798_84ccd3,kG41wySeT5P5VaRs,user_1798_84ccd3@example.com,eyJhbGciOiJIUzI1NiIsInR5cCI6IkpXVCJ9.eyJzdWIiOiIxNzk4IiwiaWF0IjoxNzYxMTMxODEyLCJleHAiOjE3NjM3MjM4MTJ9.uLqWc4ZNVu0CDbVA19-GPfJqDpMMe4jEZTJKzJJIUXE
1799,user_1799_eecc2f,4xS7jdAtnBSYeBci,user_1799_eecc2f@example.com,eyJhbGciOiJIUzI1NiIsInR5cCI6IkpXVCJ9.eyJzdWIiOiIxNzk5IiwiaWF0IjoxNzYxMTMxODEyLCJleHAiOjE3NjM3MjM4MTJ9.uz9ipwUfC_GoXEd-1N1whbW7PRdVV6GTDAt97gIm5s4
1800,user_1800_6e7ab5,TU-YYzt0beTY8Q1B,user_1800_6e7ab5@example.com,eyJhbGciOiJIUzI1NiIsInR5cCI6IkpXVCJ9.eyJzdWIiOiIxODAwIiwiaWF0IjoxNzYxMTMxODEyLCJleHAiOjE3NjM3MjM4MTJ9.eR48euH-m9UBXCP11x01JlE2qRVhiSDcvNE7epUhQl8
1802,user_1802_c312ab,L2ulbvMf_Z1edOxL,user_1802_c312ab@example.com,eyJhbGciOiJIUzI1NiIsInR5cCI6IkpXVCJ9.eyJzdWIiOiIxODAyIiwiaWF0IjoxNzYxMTMxODEzLCJleHAiOjE3NjM3MjM4MTN9.pF01JaazEliqjnBJ0_tLVpBgCtnw5tnbHInEzcnxZrM
1811,user_1811_a3e2c8,ItRHPD4pYuzAZrTb,user_1811_a3e2c8@example.com,eyJhbGciOiJIUzI1NiIsInR5cCI6IkpXVCJ9.eyJzdWIiOiIxODExIiwiaWF0IjoxNzYxMTMxODEzLCJleHAiOjE3NjM3MjM4MTN9.g3kIL5rbBjTgTXgGLSv--G6HMfDUUmG4YxJ6N1_7JWk
1812,user_1812_73259e,XBf-mDeJYXByDbEJ,user_1812_73259e@example.com,eyJhbGciOiJIUzI1NiIsInR5cCI6IkpXVCJ9.eyJzdWIiOiIxODEyIiwiaWF0IjoxNzYxMTMxODEzLCJleHAiOjE3NjM3MjM4MTN9.ZMb66h4J2EqKrSqSXij7b3heHgeruQLzv67yOv34V5I
1815,user_1815_2beb4a,HtEYFKPqRAq-5sdX,user_1815_2beb4a@example.com,eyJhbGciOiJIUzI1NiIsInR5cCI6IkpXVCJ9.eyJzdWIiOiIxODE1IiwiaWF0IjoxNzYxMTMxODE0LCJleHAiOjE3NjM3MjM4MTR9.Ldwq9ruBbHWYLz85YfqKLn1lC1ynGXVyZi-zJhKTOv0
1820,user_1820_7b3133,z9Z-BjpXG3PAbBbN,user_1820_7b3133@example.com,eyJhbGciOiJIUzI1NiIsInR5cCI6IkpXVCJ9.eyJzdWIiOiIxODIwIiwiaWF0IjoxNzYxMTMxODE0LCJleHAiOjE3NjM3MjM4MTR9.XGv0rz-iHJMs0YAgSbk7SDKTqJH489qx1kEUwQvYF7w
1824,user_1824_4d5254,JxQxoUo8QGgkyTSu,user_1824_4d5254@example.com,eyJhbGciOiJIUzI1NiIsInR5cCI6IkpXVCJ9.eyJzdWIiOiIxODI0IiwiaWF0IjoxNzYxMTMxODE0LCJleHAiOjE3NjM3MjM4MTR9.gg2bilKEoKm3dEU3lf8-Efv79U5AxeaJZPkGoN5SOHY
1825,user_1825_384dba,2Q8FSZpzDxRLpHxw,user_1825_384dba@example.com,eyJhbGciOiJIUzI1NiIsInR5cCI6IkpXVCJ9.eyJzdWIiOiIxODI1IiwiaWF0IjoxNzYxMTMxODE0LCJleHAiOjE3NjM3MjM4MTR9.t_K1OSoJ9qGJvkJ79vDYrbrAVLCRdyPbRJYgnsq32Y0
1826,user_1826_4b3d61,ik4g9fi_xpwTIUcX,user_1826_4b3d61@example.com,eyJhbGciOiJIUzI1NiIsInR5cCI6IkpXVCJ9.eyJzdWIiOiIxODI2IiwiaWF0IjoxNzYxMTMxODE1LCJleHAiOjE3NjM3MjM4MTV9.ga_ZoOdXcgrSWmNzTK6tWFL7C2vB2Fvm10NXZI38XPE
1827,user_1827_fe3225,SQOr0qrQETYuBkM0,user_1827_fe3225@example.com,eyJhbGciOiJIUzI1NiIsInR5cCI6IkpXVCJ9.eyJzdWIiOiIxODI3IiwiaWF0IjoxNzYxMTMxODE1LCJleHAiOjE3NjM3MjM4MTV9.6Dqo3PH0WX_cARStKY6de6i6sCpLaZ2wRnb7HC3MYhM
1831,user_1831_d3794c,_ZBhE7kqh4dQn2xT,user_1831_d3794c@example.com,eyJhbGciOiJIUzI1NiIsInR5cCI6IkpXVCJ9.eyJzdWIiOiIxODMxIiwiaWF0IjoxNzYxMTMxODE1LCJleHAiOjE3NjM3MjM4MTV9.BFZ6bxoVSyXNX1rxg-TB_FUnN93IJV4TlFJwVE6DoX0
1835,user_1835_0728df,gnTbtJNOSC2Nxrc1,user_1835_0728df@example.com,eyJhbGciOiJIUzI1NiIsInR5cCI6IkpXVCJ9.eyJzdWIiOiIxODM1IiwiaWF0IjoxNzYxMTMxODE1LCJleHAiOjE3NjM3MjM4MTV9.aCbJ15nBFs5BSIZ6tAzjH4HgE7JDO3uQmRdpDQctRL4
1836,user_1836_d3bcec,g4_7fu0KP0rImMxu,user_1836_d3bcec@example.com,eyJhbGciOiJIUzI1NiIsInR5cCI6IkpXVCJ9.eyJzdWIiOiIxODM2IiwiaWF0IjoxNzYxMTMxODE2LCJleHAiOjE3NjM3MjM4MTZ9.3VU1wRavhCEUl_6QPe8KZT1FxKB2sa4M9QalbdxHGWs
1837,user_1837_e25ed6,V5SXIYttE4D-eMD8,user_1837_e25ed6@example.com,eyJhbGciOiJIUzI1NiIsInR5cCI6IkpXVCJ9.eyJzdWIiOiIxODM3IiwiaWF0IjoxNzYxMTMxODE2LCJleHAiOjE3NjM3MjM4MTZ9.z7pBhlQOf_x8lcPOJ7jgYgYMpnf98TlgNLWKljJD2kA
1844,user_1844_438ffd,XhSWWVvssp4xVUBM,user_1844_438ffd@example.com,eyJhbGciOiJIUzI1NiIsInR5cCI6IkpXVCJ9.eyJzdWIiOiIxODQ0IiwiaWF0IjoxNzYxMTMxODE2LCJleHAiOjE3NjM3MjM4MTZ9.O2uj3qoX5cxCduQh8CwtHk7XcW4SDWu_TveVKRj-tYU
1849,user_1849_d07adf,8MjXtlRwr4nmYgF8,user_1849_d07adf@example.com,eyJhbGciOiJIUzI1NiIsInR5cCI6IkpXVCJ9.eyJzdWIiOiIxODQ5IiwiaWF0IjoxNzYxMTMxODE2LCJleHAiOjE3NjM3MjM4MTZ9.xBrUlmmeyq71K06S5-oLhs1kMc70cB4SP0_eUGeihbE
1856,user_1856_a63240,wYYD9zwHkg5DkBTw,user_1856_a63240@example.com,eyJhbGciOiJIUzI1NiIsInR5cCI6IkpXVCJ9.eyJzdWIiOiIxODU2IiwiaWF0IjoxNzYxMTMxODE3LCJleHAiOjE3NjM3MjM4MTd9.yQQ3YUXqGf228ADEE2SGDUB3nWAqVxKSS28WMyAS0k0
1859,user_1859_bd55cc,XE4KSoRXqNxbz20Q,user_1859_bd55cc@example.com,eyJhbGciOiJIUzI1NiIsInR5cCI6IkpXVCJ9.eyJzdWIiOiIxODU5IiwiaWF0IjoxNzYxMTMxODE3LCJleHAiOjE3NjM3MjM4MTd9.nUu6JIJqADuBz5pjwPffxMv1qxB3FkNBhY5ca_vCK9s
1867,user_1867_b9ae0b,DtoXYvGsUi-oT0qZ,user_1867_b9ae0b@example.com,eyJhbGciOiJIUzI1NiIsInR5cCI6IkpXVCJ9.eyJzdWIiOiIxODY3IiwiaWF0IjoxNzYxMTMxODE3LCJleHAiOjE3NjM3MjM4MTd9.MSX7ZAdp4K46C4K0Uw1cYO4Ud5VpM4U7E75L86PXcKA
1868,user_1868_4cf514,IdQC_pd_MBAc7kBb,user_1868_4cf514@example.com,eyJhbGciOiJIUzI1NiIsInR5cCI6IkpXVCJ9.eyJzdWIiOiIxODY4IiwiaWF0IjoxNzYxMTMxODE4LCJleHAiOjE3NjM3MjM4MTh9.EiO-EF10nyDjtQdO4zqii9wFuJSIlf8X_UQpvdyMUcA
1870,user_1870_2a292f,qCT-sdPrU6MqPHTs,user_1870_2a292f@example.com,eyJhbGciOiJIUzI1NiIsInR5cCI6IkpXVCJ9.eyJzdWIiOiIxODcwIiwiaWF0IjoxNzYxMTMxODE4LCJleHAiOjE3NjM3MjM4MTh9.7tRrccno0E-QNqRBLekT8LcY2fhcjUSXfSAIf0GvTTA
1871,user_1871_6caee4,RCMTmH5IuITgr7gS,user_1871_6caee4@example.com,eyJhbGciOiJIUzI1NiIsInR5cCI6IkpXVCJ9.eyJzdWIiOiIxODcxIiwiaWF0IjoxNzYxMTMxODE4LCJleHAiOjE3NjM3MjM4MTh9.baXzy6PP3WNCcWBAwmePSJeZ1UxhAXX52Pbf55al40k
1873,user_1873_c52779,RYCusu7md9-5vbG7,user_1873_c52779@example.com,eyJhbGciOiJIUzI1NiIsInR5cCI6IkpXVCJ9.eyJzdWIiOiIxODczIiwiaWF0IjoxNzYxMTMxODE4LCJleHAiOjE3NjM3MjM4MTh9.Ota4q_L3v-RATSxCryIwVeMmEt0dD66jn7NNKMnWFcQ
1877,user_1877_b3dbce,WNfQWfuO8lYlLsCU,user_1877_b3dbce@example.com,eyJhbGciOiJIUzI1NiIsInR5cCI6IkpXVCJ9.eyJzdWIiOiIxODc3IiwiaWF0IjoxNzYxMTMxODE5LCJleHAiOjE3NjM3MjM4MTl9.ywLn4N8DAJ__ShMQrxR28A54MUwGXd5-ttmy69IdvJM
1881,user_1881_28357f,HWnTOmtIwe-zMBs2,user_1881_28357f@example.com,eyJhbGciOiJIUzI1NiIsInR5cCI6IkpXVCJ9.eyJzdWIiOiIxODgxIiwiaWF0IjoxNzYxMTMxODE5LCJleHAiOjE3NjM3MjM4MTl9.RC1O2OXOAk1cPOkShmtof1jQ7xMZ71d6BQszchsmc6A
1883,user_1883_73348a,RpwAtg2PdAiZ2-xg,user_1883_73348a@example.com,eyJhbGciOiJIUzI1NiIsInR5cCI6IkpXVCJ9.eyJzdWIiOiIxODgzIiwiaWF0IjoxNzYxMTMxODE5LCJleHAiOjE3NjM3MjM4MTl9.PucGrrx4ouA8zEsCw6GW2qpUs95EbRoL_YKzH1vka5c
1888,user_1888_d2f26d,nJm-BDpC4PXE5TAF,user_1888_d2f26d@example.com,eyJhbGciOiJIUzI1NiIsInR5cCI6IkpXVCJ9.eyJzdWIiOiIxODg4IiwiaWF0IjoxNzYxMTMxODE5LCJleHAiOjE3NjM3MjM4MTl9.MolISgeB1hu1YU1OaOlSvCHKI6hqoIlG4PBEFwgu2HY
1893,user_1893_258bc7,le4ypMBPIC33sfEo,user_1893_258bc7@example.com,eyJhbGciOiJIUzI1NiIsInR5cCI6IkpXVCJ9.eyJzdWIiOiIxODkzIiwiaWF0IjoxNzYxMTMxODIwLCJleHAiOjE3NjM3MjM4MjB9.e7fv_D3lmXmEqDCw3GgPH00t2vCWBjd3IdXPq6DYC88
1896,user_1896_20cb7b,FCuBD015RaWGoWCt,user_1896_20cb7b@example.com,eyJhbGciOiJIUzI1NiIsInR5cCI6IkpXVCJ9.eyJzdWIiOiIxODk2IiwiaWF0IjoxNzYxMTMxODIwLCJleHAiOjE3NjM3MjM4MjB9.3kHc8zgLCvuyWLUmfhKl1muSA_PMjx3gbC_mOSS4_xg
1900,user_1900_3c0640,XMUb9zUslkCHdTqe,user_1900_3c0640@example.com,eyJhbGciOiJIUzI1NiIsInR5cCI6IkpXVCJ9.eyJzdWIiOiIxOTAwIiwiaWF0IjoxNzYxMTMxODIwLCJleHAiOjE3NjM3MjM4MjB9.EKTSyQNaG4XgRWHiqYk4xcFd2a9f9cxqYir6IoPMAjQ
1902,user_1902_0ac374,IUA82OWjNGJi7fV4,user_1902_0ac374@example.com,eyJhbGciOiJIUzI1NiIsInR5cCI6IkpXVCJ9.eyJzdWIiOiIxOTAyIiwiaWF0IjoxNzYxMTMxODIxLCJleHAiOjE3NjM3MjM4MjF9.mWGgMZHQNcKi7DJpvkI_aEfPG7WDcvuaqe65qYH1Deo
1904,user_1904_82da92,f94G_F1nDiYEkonJ,user_1904_82da92@example.com,eyJhbGciOiJIUzI1NiIsInR5cCI6IkpXVCJ9.eyJzdWIiOiIxOTA0IiwiaWF0IjoxNzYxMTMxODIxLCJleHAiOjE3NjM3MjM4MjF9.-HyettbpzydwTOqkWUoaRWLZ7b1h7qj3V0GoW-Ow4Q0
1907,user_1907_065df2,IHsnHteOZemKLbNt,user_1907_065df2@example.com,eyJhbGciOiJIUzI1NiIsInR5cCI6IkpXVCJ9.eyJzdWIiOiIxOTA3IiwiaWF0IjoxNzYxMTMxODIxLCJleHAiOjE3NjM3MjM4MjF9.Ma58NVBQga3oqm9TXfD1y-Hmol3UUn8-z58mknw3VKw
1910,user_1910_121eda,t-k5aBdwvziEoTjT,user_1910_121eda@example.com,eyJhbGciOiJIUzI1NiIsInR5cCI6IkpXVCJ9.eyJzdWIiOiIxOTEwIiwiaWF0IjoxNzYxMTMxODIxLCJleHAiOjE3NjM3MjM4MjF9.ngkBg2Z12dAGTpjzV6mLyl8az16sVXMTwHIAlpWY-vg
1911,user_1911_de0574,nYo5ASqpvclaDiyB,user_1911_de0574@example.com,eyJhbGciOiJIUzI1NiIsInR5cCI6IkpXVCJ9.eyJzdWIiOiIxOTExIiwiaWF0IjoxNzYxMTMxODIyLCJleHAiOjE3NjM3MjM4MjJ9.xfiwU8vrKu6W9Q1Ar3D0b0FEr4dMLElyaczn8hA0WU8
1914,user_1914_1f8513,1dP2URJofWmG88ep,user_1914_1f8513@example.com,eyJhbGciOiJIUzI1NiIsInR5cCI6IkpXVCJ9.eyJzdWIiOiIxOTE0IiwiaWF0IjoxNzYxMTMxODIyLCJleHAiOjE3NjM3MjM4MjJ9.1ygA9MFxFzx7tTslq3st78NcxhAnf94bDNEP5fX_fo0
1916,user_1916_16b83b,DCt8cHnINfuYb2up,user_1916_16b83b@example.com,eyJhbGciOiJIUzI1NiIsInR5cCI6IkpXVCJ9.eyJzdWIiOiIxOTE2IiwiaWF0IjoxNzYxMTMxODIyLCJleHAiOjE3NjM3MjM4MjJ9.TWtoz2UqK-rL_-Wg48xv-bIgexDvm7Tu7WmfE5hWvIM
1917,user_1917_7c4053,AYhmBVDDdo7t6Kk8,user_1917_7c4053@example.com,eyJhbGciOiJIUzI1NiIsInR5cCI6IkpXVCJ9.eyJzdWIiOiIxOTE3IiwiaWF0IjoxNzYxMTMxODIyLCJleHAiOjE3NjM3MjM4MjJ9.gBCsMMleu0CwoMWnEStnn-e6DgZxFT7wjwZUQgIbhjg
1923,user_1923_aaf7e2,R4BWwENCxRzsu0WX,user_1923_aaf7e2@example.com,eyJhbGciOiJIUzI1NiIsInR5cCI6IkpXVCJ9.eyJzdWIiOiIxOTIzIiwiaWF0IjoxNzYxMTMxODIzLCJleHAiOjE3NjM3MjM4MjN9.9dCXmq6KTLjEj6SubGnDnMJYcl1-LheZ0d3zViLLMlk
1924,user_1924_a2ddd1,Ruv9UC2BFAz3rrOE,user_1924_a2ddd1@example.com,eyJhbGciOiJIUzI1NiIsInR5cCI6IkpXVCJ9.eyJzdWIiOiIxOTI0IiwiaWF0IjoxNzYxMTMxODIzLCJleHAiOjE3NjM3MjM4MjN9.x0mAYZRNhPL9xl32vjZ1ee5v5u6AVfbgJmetOEokhqw
1930,user_1930_bc3066,pZVS3MxB4gAKWKow,user_1930_bc3066@example.com,eyJhbGciOiJIUzI1NiIsInR5cCI6IkpXVCJ9.eyJzdWIiOiIxOTMwIiwiaWF0IjoxNzYxMTMxODIzLCJleHAiOjE3NjM3MjM4MjN9.37VIvRTqb8waVw8lRvM8QgyL862Eg8yig1ttV1xYjpM
1935,user_1935_959b41,zLsDmSxm5m0kCxG7,user_1935_959b41@example.com,eyJhbGciOiJIUzI1NiIsInR5cCI6IkpXVCJ9.eyJzdWIiOiIxOTM1IiwiaWF0IjoxNzYxMTMxODI0LCJleHAiOjE3NjM3MjM4MjR9.hH7UQujGQNwOQb4zfQ65Z2JY_SCOZq2FKIpILogSUT0
1936,user_1936_9e58e9,zCx6Z9IlK1SXQUiY,user_1936_9e58e9@example.com,eyJhbGciOiJIUzI1NiIsInR5cCI6IkpXVCJ9.eyJzdWIiOiIxOTM2IiwiaWF0IjoxNzYxMTMxODI0LCJleHAiOjE3NjM3MjM4MjR9.gB5gYU7xokPS8tkUUhW62AR_goATyCuReM754JpnN5M
1938,user_1938_b76bc8,WteOblZOlp0VDxzo,user_1938_b76bc8@example.com,eyJhbGciOiJIUzI1NiIsInR5cCI6IkpXVCJ9.eyJzdWIiOiIxOTM4IiwiaWF0IjoxNzYxMTMxODI0LCJleHAiOjE3NjM3MjM4MjR9.Ys60ALa_P2vhlGka25vMU8goukipQc2uyRax4McKB6Y
1940,user_1940_8f60c5,z-XHR-Dz-q7-Hbb-,user_1940_8f60c5@example.com,eyJhbGciOiJIUzI1NiIsInR5cCI6IkpXVCJ9.eyJzdWIiOiIxOTQwIiwiaWF0IjoxNzYxMTMxODI0LCJleHAiOjE3NjM3MjM4MjR9.DmESTqFyHMAyVgbkXsy4jGzqFtc1WizBHHju8o72mUw
1941,user_1941_95d696,j-2n2AkhPCivPkcg,user_1941_95d696@example.com,eyJhbGciOiJIUzI1NiIsInR5cCI6IkpXVCJ9.eyJzdWIiOiIxOTQxIiwiaWF0IjoxNzYxMTMxODI1LCJleHAiOjE3NjM3MjM4MjV9.UvnNoo3B6IKr7kAUyEIhoDgCJNZy3h3q0t6co8pI2o4
1947,user_1947_d0649d,Kr740lXhwNV7p0mi,user_1947_d0649d@example.com,eyJhbGciOiJIUzI1NiIsInR5cCI6IkpXVCJ9.eyJzdWIiOiIxOTQ3IiwiaWF0IjoxNzYxMTMxODI1LCJleHAiOjE3NjM3MjM4MjV9.OgoqyGCZC3UWyhs9BwTm5N-wxhdDZXCGkwmaCRMbKU8
1948,user_1948_0ab1d0,1eAdAkCgLP_vBRcz,user_1948_0ab1d0@example.com,eyJhbGciOiJIUzI1NiIsInR5cCI6IkpXVCJ9.eyJzdWIiOiIxOTQ4IiwiaWF0IjoxNzYxMTMxODI1LCJleHAiOjE3NjM3MjM4MjV9.DoXqWmn8JrA5dPqZbfXHHipvMEq2w2b2LKi3dDbW6oA
1952,user_1952_1bf2be,GAFDf89qWhWq9Ac_,user_1952_1bf2be@example.com,eyJhbGciOiJIUzI1NiIsInR5cCI6IkpXVCJ9.eyJzdWIiOiIxOTUyIiwiaWF0IjoxNzYxMTMxODI1LCJleHAiOjE3NjM3MjM4MjV9.Mj95aKUM_0JemcZFhG32VYp7qJKSKPgRKT6s7-0kzvo
1954,user_1954_d148b3,GX8C3t658dKC_cym,user_1954_d148b3@example.com,eyJhbGciOiJIUzI1NiIsInR5cCI6IkpXVCJ9.eyJzdWIiOiIxOTU0IiwiaWF0IjoxNzYxMTMxODI2LCJleHAiOjE3NjM3MjM4MjZ9.g6Xiaaq68b2KBq5CggfKBTL40M9GTBgR553XceQ3RKQ
1959,user_1959_dbfe03,bfwv63Ko-r6frHug,user_1959_dbfe03@example.com,eyJhbGciOiJIUzI1NiIsInR5cCI6IkpXVCJ9.eyJzdWIiOiIxOTU5IiwiaWF0IjoxNzYxMTMxODI2LCJleHAiOjE3NjM3MjM4MjZ9.PJ1Qk04_NcgmFOjBlBmrxr0IkJIQ-wZBGzb9WQz_kpc
1961,user_1961_b85e0f,boH9HbWITXOAD_xI,user_1961_b85e0f@example.com,eyJhbGciOiJIUzI1NiIsInR5cCI6IkpXVCJ9.eyJzdWIiOiIxOTYxIiwiaWF0IjoxNzYxMTMxODI2LCJleHAiOjE3NjM3MjM4MjZ9.fsvUeAYI9B55MZD5CScCBwbUZGRSFfM2uoo63ZT02xo
1974,user_1974_8aff4e,dG-NVGUhlbycy4n3,user_1974_8aff4e@example.com,eyJhbGciOiJIUzI1NiIsInR5cCI6IkpXVCJ9.eyJzdWIiOiIxOTc0IiwiaWF0IjoxNzYxMTMxODI3LCJleHAiOjE3NjM3MjM4Mjd9.oO3_MYfHVWw5S9rUw2O7NpNbasyLKkg-KlywowOnKv0
1978,user_1978_b29c4a,GdydnZqxHIqYJrk4,user_1978_b29c4a@example.com,eyJhbGciOiJIUzI1NiIsInR5cCI6IkpXVCJ9.eyJzdWIiOiIxOTc4IiwiaWF0IjoxNzYxMTMxODI3LCJleHAiOjE3NjM3MjM4Mjd9.TVrMNf78VuQq4NjJg19uViIOxQslbPVHjCEHy1d0J_8
1985,user_1985_70fbc8,I1ZWdV23TwJxIgPL,user_1985_70fbc8@example.com,eyJhbGciOiJIUzI1NiIsInR5cCI6IkpXVCJ9.eyJzdWIiOiIxOTg1IiwiaWF0IjoxNzYxMTMxODI3LCJleHAiOjE3NjM3MjM4Mjd9.DlnL97CB0q47xTdyjRBojckO4hqQQBdviod4A804-NY
1986,user_1986_d24b43,B68i98c7YiM0z_Fu,user_1986_d24b43@example.com,eyJhbGciOiJIUzI1NiIsInR5cCI6IkpXVCJ9.eyJzdWIiOiIxOTg2IiwiaWF0IjoxNzYxMTMxODI3LCJleHAiOjE3NjM3MjM4Mjd9.8kbJFEeg2rpzVqSX9DBMsk5WMF7eEhYyR0Y3KN93LGY
1989,user_1989_00ce21,zYFBgCyDl6CkhWWP,user_1989_00ce21@example.com,eyJhbGciOiJIUzI1NiIsInR5cCI6IkpXVCJ9.eyJzdWIiOiIxOTg5IiwiaWF0IjoxNzYxMTMxODI4LCJleHAiOjE3NjM3MjM4Mjh9.FytECz4dQETV-97zvw73__ecDBi79ryPNSKPOeIyrmI
1994,user_1994_de36e4,hyR5537TVaNUdEQi,user_1994_de36e4@example.com,eyJhbGciOiJIUzI1NiIsInR5cCI6IkpXVCJ9.eyJzdWIiOiIxOTk0IiwiaWF0IjoxNzYxMTMxODI4LCJleHAiOjE3NjM3MjM4Mjh9.ct51xUusjonFkurEyJ_9ctnN_X3-bnypg3ie30wQ-v4
1995,user_1995_963c2e,PfGwSWQa3_7BVmDm,user_1995_963c2e@example.com,eyJhbGciOiJIUzI1NiIsInR5cCI6IkpXVCJ9.eyJzdWIiOiIxOTk1IiwiaWF0IjoxNzYxMTMxODI4LCJleHAiOjE3NjM3MjM4Mjh9.rJzahv77jHGohNsTMnz5SD8yx_zHHYFr4S26fJ3b1UE
